date,USD/TWD,USD/EUR,USD/JPY,USD/GBP,USD/CNY,USD/HKD,USD/AUD,USD/CAD,USD/CHF,USD/SGD,USD/KRW,USD/NZD,USD/THB,USD/MYR,USD/PHP,USD/IDR,USD/VND,USD/INR,USD/XAU
2024-09-29,31.61535683,0.89537138,142.17671008,0.74765719,7.01109871,7.77229971,1.4483555,1.35170156,0.84084493,1.28097785,1313.62123089,1.57716788,32.40486157,4.12533128,56.08762592,15127.24024062,24626.82753239,83.70684323,0.0003763273
2024-09-30,31.59059765,0.89559079,142.57326795,0.74715321,7.01680324,7.77363716,1.44365393,1.35119614,0.84123059,1.28015594,1304.75188807,1.57077513,32.35305307,4.10218046,56.02285185,15117.66632597,24710.48309792,83.69529529,0.000376318
2024-10-01,31.75627388,0.89755677,143.8314291,0.7469564,7.01756184,7.77300144,1.44291733,1.35216822,0.84498253,1.28435172,1315.48758201,1.57641322,32.45677783,4.14381734,56.16593917,15138.41207572,24498.65714163,83.79294778,0.0003789825
2024-10-02,31.82670964,0.90305624,143.80686076,0.75224148,7.01757473,7.77097887,1.44950522,1.34806274,0.84586434,1.28698254,1322.06638767,1.58725974,32.52468831,4.16576813,56.19157772,15213.95757891,24575.45617372,83.8756068,0.0003759874
2024-10-03,32.04600159,0.90601774,146.9167733,0.75458434,7.01757138,7.7701459,1.45627922,1.35145052,0.85075109,1.29439117,1331.8564343,1.60257172,33.06532966,4.20694195,56.19645195,15321.30681188,24603.21164141,83.96659069,0.0003765635
2024-10-04,32.04486836,0.90645246,146.59232272,0.76189101,7.0175174,7.76769169,1.46093005,1.35526023,0.85200861,1.29680039,1334.34639832,1.61024392,33.17985979,4.22941388,56.33149305,15459.27254685,24807.79017904,83.97604412,0.0003762274
2024-10-05,32.28746418,0.91059257,148.79628956,0.7619392,7.01758302,7.76551635,1.47144711,1.35872612,0.85754895,1.30367043,1346.89271569,1.62403049,33.25455769,4.21999196,56.6362828,15671.43689512,24767.97692556,84.0291471,0.0003770284
2024-10-06,32.32699069,0.91065531,148.72532191,0.76215743,7.01859653,7.76648454,1.46994762,1.35747879,0.85806812,1.30454113,1347.31586572,1.62378011,33.15198983,4.21907977,56.27605869,15487.2252564,24763.4571876,83.98283658,0.0003769396
2024-10-07,32.20048453,0.91114792,148.50908715,0.76161133,7.01765728,7.76681632,1.4693581,1.35759991,0.85798228,1.30311818,1346.26444983,1.62215306,33.39669864,4.26314659,56.61232447,15625.76283905,24713.45763577,83.97354989,0.0003773279
2024-10-08,32.14264895,0.91045146,147.88813609,0.76352027,7.05678611,7.76899193,1.47980175,1.36185814,0.85382932,1.30278828,1347.51579161,1.62904662,33.46191331,4.28370582,56.7629296,15705.78171633,24872.02800994,83.98609872,0.0003787209
2024-10-09,32.21960655,0.91161098,148.2742715,0.76366591,7.06568215,7.77719995,1.48428159,1.365741,0.85794084,1.30427506,1342.43841884,1.63813792,33.46236094,4.28630177,57.02409296,15646.35728383,24846.1039298,83.93192884,0.0003814462
2024-10-10,32.23993939,0.91374033,149.17669782,0.76489416,7.07567811,7.77188074,1.48759455,1.37104039,0.86040734,1.3067314,1348.86330382,1.64569897,33.5367691,4.29287397,57.17199299,15653.07093565,24855.03382524,83.95797726,0.0003834026
2024-10-11,32.21531681,0.91491143,148.57923451,0.76591509,7.07756712,7.77036948,1.48425066,1.37526002,0.8570601,1.3062085,1350.66098857,1.64056794,33.34905084,4.28656292,57.23077323,15650.73020108,24853.10558148,83.96697902,0.0003795731
2024-10-12,32.17163608,0.91329588,149.14224198,0.76531162,7.06677947,7.76576395,1.48105955,1.3763852,0.85731547,1.30514304,1349.3180066,1.63637258,33.13074379,4.28798938,57.24880962,15564.63271051,24827.88333007,84.11190559,0.0003763657
2024-10-13,32.15189964,0.91413653,149.1635674,0.76534571,7.06714397,7.77058896,1.48151647,1.37635949,0.85731646,1.30498552,1350.88083867,1.6368821,33.25633042,4.28820709,57.20962334,15584.77490034,24810.11640544,84.08048645,0.0003763858
2024-10-14,32.20792123,0.91539853,149.16847361,0.76610249,7.0778713,7.77173613,1.48419852,1.37794322,0.85823576,1.30567237,1354.42139302,1.63991104,33.23962936,4.29024124,57.28244453,15596.27509365,24818.33623631,84.08731347,0.0003776352
2024-10-15,32.19354513,0.91679196,149.52312563,0.76530613,7.09245186,7.76614857,1.48630522,1.37982254,0.86178466,1.30804757,1359.39253775,1.64286409,33.26368227,4.29738227,57.46849903,15566.15414695,24856.4404894,84.05975645,0.0003773871
2024-10-16,32.18304456,0.91831813,149.02581567,0.76509322,7.12173882,7.76939212,1.49651303,1.37841711,0.86207853,1.30875048,1364.42912409,1.65107934,33.27102913,4.30579217,57.82752498,15534.79033404,24949.13605721,84.06320204,0.0003752819
2024-10-17,32.16063556,0.92055215,149.34227748,0.76953979,7.11802633,7.77291033,1.49214252,1.37518442,0.86563255,1.31123643,1364.5453406,1.64719266,33.21239952,4.29795512,57.66437427,15546.20514235,24956.58362327,84.0182048,0.0003731878
2024-10-18,32.13936422,0.92318875,149.95137029,0.76814549,7.12290908,7.77222111,1.49167469,1.37938459,0.86604905,1.31417216,1372.22617863,1.64936187,33.11981369,4.30611362,57.75086101,15513.42710397,25165.02763018,84.06823729,0.0003699248
2024-10-19,32.06253961,0.91951154,149.54220632,0.76598606,7.10180011,7.76985095,1.49059629,1.38023387,0.86479235,1.31017924,1369.72655968,1.64720809,33.12699638,4.30409751,57.53224448,15477.44342121,25158.86255797,84.07032423,0.0003674539
2024-10-20,32.08277142,0.92008831,149.52789387,0.76626456,7.10133966,7.77058231,1.49090716,1.38028651,0.86491982,1.31024809,1368.61115226,1.64728233,33.12893553,4.30468911,57.49972852,15488.9177159,25156.22954212,84.07147009,0.0003674552
2024-10-21,32.03014851,0.92015494,149.14733106,0.76624903,7.10024205,7.76846194,1.48773966,1.38037527,0.864833,1.30943912,1366.84976403,1.64426537,33.14077067,4.30023013,57.31405958,15453.09548826,25168.32160839,84.05767215,0.0003665478
2024-10-22,32.08348307,0.92421973,150.68389908,0.76985524,7.12118088,7.77365001,1.50063852,1.3831472,0.86506476,1.31531766,1379.69670811,1.65667236,33.46767065,4.3257511,57.71013432,15533.29027507,25237.99887341,84.07586934,0.0003664809
2024-10-23,32.10587152,0.92626801,151.74464545,0.77060666,7.13091836,7.77348814,1.49894787,1.38264702,0.86691056,1.31758573,1384.25277694,1.65716761,33.62918554,4.34284951,57.93360564,15605.57769937,25443.49788247,84.10653279,0.0003650287
2024-10-24,32.06603495,0.92731603,152.72443294,0.77392797,7.12026733,7.76925869,1.50620195,1.38289427,0.86665738,1.32185935,1381.66557142,1.6639371,33.77931027,4.35097811,58.07619732,15636.02346498,25398.75955373,84.03695265,0.0003669324
2024-10-25,32.07903746,0.9238764,151.90362698,0.77090948,7.11803476,7.77021474,1.50674829,1.38485931,0.86600052,1.31861502,1380.35165515,1.66502853,33.66744276,4.34894289,57.86588662,15596.5691072,25460.02331131,84.07498236,0.0003657661
2024-10-26,32.09226312,0.92575179,152.26873136,0.77154733,7.12001302,7.77043997,1.51384003,1.38929392,0.86689201,1.3219027,1388.60440341,1.67281092,33.65744509,4.34031888,58.41434965,15681.68785088,25363.10856174,84.1010634,0.000364052
2024-10-27,32.10930017,0.92613451,152.28365669,0.77150191,7.11992844,7.77047025,1.51408791,1.38922053,0.86691033,1.32125293,1388.65948903,1.6729676,33.67152907,4.340139,58.55650328,15638.91706669,25360.05644846,84.09868626,0.0003639429
2024-10-28,32.09732426,0.92651889,153.80061303,0.77193529,7.13390072,7.77313852,1.51576026,1.38968708,0.86988058,1.32459602,1388.84671332,1.67504049,33.79642091,4.360596,58.40552504,15660.56543404,25425.88035652,84.08441647,0.0003665568
2024-10-29,32.08177465,0.92450982,152.95174153,0.77073616,7.13012443,7.77090004,1.51890244,1.38877944,0.86485435,1.32261435,1380.20878411,1.67125804,33.75483628,4.36228436,58.16462597,15741.12447041,25412.43557065,84.08040857,0.000363516
2024-10-30,32.07103808,0.92386434,153.16000289,0.76808268,7.12760076,7.77064576,1.52222863,1.39096452,0.86713586,1.32364289,1382.70453388,1.67320199,33.6425701,4.37478077,58.217452,15739.41785248,25290.34828151,84.06285248,0.0003596108
2024-10-31,31.97394891,0.92152854,153.48263076,0.77213884,7.1233371,7.77173812,1.52245595,1.39137058,0.86638967,1.32318894,1379.50966741,1.67266423,33.80684216,4.37888522,58.24664836,15699.53782947,25278.78536571,84.08857082,0.0003588923
2024-11-01,31.99270905,0.91913895,152.23975307,0.77568246,7.12075134,7.77428018,1.52121741,1.39319985,0.8637697,1.32148096,1378.19934207,1.6757353,33.82354342,4.37261705,58.30205738,15705.79827075,25299.47960555,84.09376548,0.0003639548
2024-11-02,31.93660085,0.91910975,153.01993621,0.77358066,7.12143477,7.78033968,1.52484903,1.39599245,0.86620794,1.32609982,1380.3884685,1.67692676,33.91156366,4.37999232,58.35989907,15854.48436948,25296.01250697,84.11085287,0.0003656013
2024-11-03,31.96372202,0.92196871,153.0060247,0.77356131,7.12145346,7.77575204,1.52433753,1.39511335,0.86931682,1.32574219,1379.40698223,1.67647599,33.88084771,4.37833559,58.47618258,15738.73723065,25285.05462932,84.09169147,0.0003654944
2024-11-04,31.87057107,0.91878401,151.913731,0.77098722,7.1145158,7.77609119,1.51529374,1.39099077,0.86600679,1.32024692,1371.66859169,1.66825073,33.82712874,4.37649041,58.21592869,15843.29206135,25280.63038858,84.05988379,0.000365153
2024-11-05,31.96217744,0.91958402,152.289273,0.77217965,7.11002367,7.77390674,1.51837091,1.39057134,0.86416879,1.32021363,1378.00875908,1.67449317,33.77654631,4.37519251,58.44180513,15782.940018,25320.26149162,84.1424549,0.0003658022
2024-11-06,32.04627783,0.92306759,152.95217275,0.77146588,7.12854914,7.77440215,1.51817843,1.38889948,0.86902093,1.32261039,1387.93135963,1.67578074,33.80800057,4.3604369,58.58684989,15823.69220045,25385.16311561,84.18997366,0.0003644459
2024-11-07,32.32735881,0.93328888,154.59498012,0.77599979,7.18555855,7.77497659,1.5202908,1.39363665,0.87710931,1.33449705,1401.36870839,1.6824751,34.44881222,4.4211652,58.78298811,15839.41754436,25384.45751262,84.2991089,0.0003774184
2024-11-08,32.1313174,0.92743523,153.2568852,0.77100453,7.15265689,7.77161609,1.50113588,1.38755623,0.8734576,1.32228335,1385.46291279,1.66234701,34.0939765,4.38994133,58.46543545,15629.95761707,25365.80946595,84.40514434,0.0003700618
2024-11-09,32.26157652,0.93283297,152.63744027,0.77398151,7.17821797,7.77491322,1.51905735,1.39098946,0.87575019,1.32592825,1397.78042843,1.67502597,34.17641387,4.39156894,58.46138395,15652.79655582,25268.7328762,84.39305835,0.0003725935
2024-11-10,32.28064207,0.93271181,152.67662664,0.77358892,7.17862583,7.77467801,1.51923538,1.39139556,0.87570959,1.32608984,1396.73908825,1.67523478,34.13847418,4.38231067,58.47476859,15674.43901778,25265.14292541,84.40166593,0.000372524
2024-11-11,32.19623801,0.93252508,153.13947303,0.77388392,7.17768565,7.77530647,1.51655859,1.39121748,0.87614637,1.32585127,1394.44736224,1.67518227,34.25485607,4.39668253,58.49230617,15672.85407041,25274.76783899,84.38775445,0.0003734592
2024-11-12,32.42654935,0.93882633,153.94990344,0.77765764,7.22338672,7.77582441,1.52366991,1.39293526,0.88140382,1.33471119,1403.0341636,1.6776547,34.66649983,4.42296141,58.81751831,15758.03207781,25321.65247176,84.40649809,0.000381412
2024-11-13,32.45383185,0.94091944,154.73750821,0.784365,7.22237485,7.77755291,1.53040406,1.39427775,0.88196422,1.33717517,1406.19646022,1.68617493,34.72604794,4.44570287,58.70082606,15778.85476714,25350.12582456,84.38810607,0.0003832272
2024-11-14,32.5542982,0.94761044,155.87301953,0.7878084,7.23710652,7.78143311,1.54248091,1.39998535,0.88671655,1.34455524,1407.38810914,1.70351815,35.01487118,4.47217941,58.80919785,15833.22541954,25390.55650271,84.4224846,0.0003896468
2024-11-15,32.62485079,0.94951166,156.60766501,0.78973884,7.24124766,7.78308844,1.55028302,1.4065901,0.8901681,1.34620518,1405.78843209,1.71059385,34.97524149,4.48810177,58.88191924,15927.92716422,25454.89472512,84.50136591,0.0003899476
2024-11-16,32.48336402,0.94859243,154.3684206,0.79241779,7.23089146,7.78562992,1.54762046,1.4089468,0.88799024,1.34223024,1395.78915697,1.70592042,34.8093327,4.473867,58.73776418,15902.9867836,25385.2360359,84.48713618,0.0003903901
2024-11-17,32.52221921,0.94858507,154.33642173,0.79230569,7.23073575,7.78561561,1.54758695,1.40927441,0.88793745,1.34296797,1394.80685075,1.70528817,34.88168621,4.47034562,58.74979866,15869.52827271,25385.14930613,84.48807213,0.0003902555
2024-11-18,32.47088551,0.94863368,154.66259249,0.79154029,7.23126546,7.78487861,1.54562849,1.40766569,0.88787355,1.34134183,1390.92191913,1.70540654,34.75266322,4.46591262,58.69696274,15852.16423461,25439.22680645,84.44296009,0.0003865417
2024-11-19,32.50077068,0.94414502,154.17494123,0.78904869,7.23273814,7.7833541,1.53712994,1.40221566,0.88314331,1.33898039,1392.91407296,1.69861498,34.6327574,4.46961751,58.64285009,15816.53565799,25401.06766023,84.38594226,0.0003824386
2024-11-20,32.39873159,0.94348041,154.82169507,0.78811182,7.23886945,7.78250642,1.53058543,1.39610397,0.88286905,1.33808079,1393.36479673,1.69181066,34.51001363,4.47047684,58.84850499,15847.81284943,25429.23672976,84.39216725,0.0003789696
2024-11-21,32.57432862,0.94794772,155.01027468,0.79001838,7.24093852,7.78248956,1.53443314,1.39686061,0.883176,1.3420125,1398.63904642,1.69986978,34.61716077,4.47388829,58.93649807,15911.01546674,25425.11347933,84.40408428,0.0003765396
2024-11-22,32.57176776,0.95469991,154.40846229,0.79426106,7.24632151,7.78233666,1.53417295,1.39660598,0.88629902,1.3458203,1400.17766183,1.70908497,34.7604074,4.47276909,58.90820659,15919.42649097,25435.75787417,84.49811943,0.0003735608
2024-11-23,32.58293174,0.95945619,154.72906109,0.79774922,7.24542683,7.78455169,1.53791459,1.39722427,0.89352651,1.3480171,1404.45965193,1.71392757,34.46918053,4.46799397,58.93661932,15944.80698564,25414.03316065,84.43779475,0.0003691535
2024-11-24,32.60326454,0.95952069,154.67491012,0.79760074,7.24540303,7.78413502,1.53801249,1.39804171,0.89368316,1.34651035,1402.98087614,1.71365699,34.52205043,4.46793187,58.9656924,15905.37473304,25425.1418495,84.4378721,0.0003685704
2024-11-25,32.49177741,0.95385977,153.7472236,0.79380269,7.24085514,7.7816366,1.52888401,1.3934685,0.89012379,1.34270804,1404.44406733,1.70518144,34.40718621,4.46051467,58.88489121,15921.30293577,25419.34668291,84.40291214,0.0003705839
2024-11-26,32.51984785,0.95654361,154.07758605,0.79822708,7.25251602,7.78311317,1.5458942,1.41387686,0.88789577,1.34963208,1404.15576786,1.71836072,34.74192528,4.46493427,58.98849119,15898.59928286,25419.95110317,84.34728589,0.0003802505
2024-11-27,32.4915223,0.95354919,152.64831453,0.79526588,7.25417337,7.78141853,1.54444288,1.40580842,0.88587418,1.34685991,1397.44923296,1.70235186,34.68388499,4.45522379,58.84475297,15908.90206648,25362.52996754,84.34457894,0.000380381
2024-11-28,32.51036706,0.94696252,151.45648946,0.78889062,7.23932969,7.78220425,1.53674689,1.4008268,0.88286,1.34103713,1392.36807705,1.69404131,34.50964379,4.44149403,58.70622153,15863.36102109,25387.60275483,84.44003929,0.0003808095
2024-11-29,32.52964256,0.94685854,149.94656963,0.78710705,7.23089513,7.78365098,1.5362628,1.39986139,0.88113258,1.33970555,1394.14133973,1.69292458,34.27750845,4.43528842,58.62121647,15864.36048578,25378.8613915,84.48040505,0.0003778556
2024-11-30,32.45572946,0.94531636,149.77621169,0.78522138,7.2422906,7.78151897,1.53601724,1.40046518,0.88107191,1.3398948,1394.31428716,1.69721244,34.29013473,4.44739627,58.60616071,15832.37447685,25350.81837271,84.59322674,0.0003772989
2024-12-01,32.48764618,0.9453377,149.77423938,0.7859034,7.24223922,7.78189551,1.53600671,1.40060011,0.88114703,1.33931333,1394.94005059,1.69435918,34.2844542,4.44472213,58.62332142,15847.90587001,25347.94437064,84.56467808,0.0003773514
2024-12-02,32.5173044,0.94938672,150.47265463,0.78792672,7.25358215,7.78270748,1.53827739,1.40309383,0.88387661,1.34315078,1400.89782483,1.69461041,34.46891648,4.45506112,58.70541634,15840.44459494,25394.81127867,84.57366014,0.0003794325
2024-12-03,32.63972181,0.95361319,149.95616999,0.79085966,7.29366536,7.7820066,1.54674478,1.40563015,0.88796791,1.34795332,1404.37712876,1.70275351,34.5574038,4.46945512,58.69134527,15923.44694925,25377.85960392,84.79733323,0.0003794789
2024-12-04,32.52395343,0.95172547,149.87842276,0.78935752,7.2814928,7.78341767,1.5492483,1.40725099,0.88687084,1.34552487,1415.64791389,1.70468299,34.37997204,4.46906435,58.42488346,15960.52995533,25417.73025546,84.70305522,0.0003787516
2024-12-05,32.39762248,0.95141946,150.51403833,0.78755401,7.27264679,7.78341771,1.55497984,1.40713412,0.88450176,1.34398161,1415.14363072,1.70616759,34.25400404,4.42447042,58.21177203,15910.9276804,25410.02500805,84.74140981,0.0003777397
2024-12-06,32.43000075,0.94615469,150.15820352,0.78469053,7.26471482,7.78191652,1.55603624,1.40393178,0.8792732,1.34064848,1422.27495827,1.70407537,34.17711089,4.42777553,57.7925485,15847.0766448,25434.62253483,84.69047365,0.0003818493
2024-12-07,32.41204537,0.9462057,149.89946656,0.78492937,7.27036053,7.77891086,1.56450932,1.41563732,0.87968558,1.34234633,1425.23237975,1.71530017,34.06284362,4.41901241,57.89487366,15859.01712795,25381.45959043,84.66937879,0.0003797891
2024-12-08,32.43879895,0.94572672,150.00856752,0.78463258,7.26434354,7.77935549,1.56490842,1.41576712,0.88098113,1.3423652,1420.51592222,1.71529377,34.07443032,4.41743364,57.74196307,15853.14127181,25380.06740774,84.69377001,0.0003797882
2024-12-09,32.44971111,0.94759027,149.96544567,0.78497621,7.27723503,7.78004385,1.56307666,1.41503542,0.87920864,1.34248345,1431.32738783,1.71437441,34.01920391,4.43241675,57.98165799,15851.80005212,25449.02724224,84.6931522,0.0003779654
2024-12-10,32.46577481,0.94769922,151.36025143,0.78461448,7.26050883,7.77365631,1.55657594,1.41787282,0.87884818,1.34050911,1428.93780502,1.71044048,33.78005666,4.43149691,57.953644,15863.55381261,25379.73962636,84.84180847,0.0003755165
2024-12-11,32.49574542,0.94934752,151.77100667,0.78264446,7.2434884,7.77483932,1.56723331,1.41666115,0.88307889,1.34121963,1430.49934289,1.72413987,33.68409511,4.42397326,58.18306775,15887.8082625,25358.46413163,84.88478994,0.0003702199
2024-12-12,32.50995061,0.95183366,152.07366229,0.78325953,7.25948302,7.77489442,1.5607676,1.4146963,0.88350883,1.34244792,1431.95890179,1.72294633,33.87992743,4.42918794,58.334555,15931.81294557,25372.03199102,84.83476781,0.0003688684
2024-12-13,32.52604298,0.95539208,152.72886021,0.78936717,7.27500682,7.77578591,1.57147948,1.42356175,0.89243315,1.34736093,1432.78585574,1.73510572,33.97431632,4.45005708,58.32404122,15963.31003059,25400.96538052,84.87005925,0.0003717745
2024-12-14,32.51383541,0.95215245,153.66388576,0.79232829,7.27548665,7.77559281,1.57194773,1.42361057,0.8927568,1.3486541,1435.41976181,1.73545156,34.12928464,4.45088108,58.68418374,16036.83695586,25428.13459278,84.81908024,0.0003775265
2024-12-15,32.54415465,0.95212496,153.75971272,0.79224372,7.27548639,7.7753716,1.57272089,1.42356373,0.89281739,1.34850833,1434.65893808,1.73565139,34.05892879,4.45018901,58.67822291,15992.72537534,25405.10611693,84.79066226,0.0003775136
2024-12-16,32.52318064,0.95068442,153.83572242,0.79146915,7.27484917,7.77554809,1.56954729,1.42211487,0.89133669,1.3484023,1436.66905771,1.73254897,34.14307999,4.45132785,58.68141574,16029.32650792,25445.55708516,84.8300677,0.00037699
2024-12-17,32.47306075,0.95048103,154.13165909,0.7880876,7.28594996,7.7744901,1.56930551,1.42411112,0.89334151,1.34933998,1436.09085202,1.73043365,34.07167396,4.44782166,58.78049015,16030.41241802,25453.75926632,84.8895956,0.0003763785
2024-12-18,32.52726093,0.95326503,153.88753636,0.78703824,7.28506042,7.77073511,1.58145968,1.43112396,0.8934591,1.35122455,1437.92460082,1.74373762,34.20860675,4.46912127,58.93283074,16119.9070436,25470.73523936,84.93354134,0.0003782951
2024-12-19,32.63128514,0.96377281,154.69815734,0.79436825,7.29753365,7.77287076,1.60618316,1.44339022,0.89986925,1.36119233,1449.62238518,1.77753145,34.53925842,4.5027791,59.00492062,16233.68806014,25454.8344945,85.0639543,0.0003821075
2024-12-20,32.68489881,0.96460003,157.26196561,0.80032245,7.29505054,7.77047085,1.60430386,1.44130186,0.89794233,1.36095584,1449.00748828,1.77667014,34.59424403,4.50783438,58.92792335,16322.20254425,25483.67079439,85.09771351,0.0003844125
2024-12-21,32.63249767,0.95885008,156.26424327,0.79569976,7.29609198,7.77924918,1.59999985,1.4373995,0.89368499,1.35554987,1446.34325255,1.7685656,34.21996219,4.50869835,58.85837333,16166.99159402,25455.48150887,84.94676557,0.0003814766
2024-12-22,32.64111032,0.95904744,156.46776982,0.79577943,7.29608318,7.77506731,1.59987652,1.43629271,0.89369734,1.35565291,1445.34394865,1.76854449,34.31942159,4.50838519,58.75427981,16220.92824606,25449.88140987,84.96025917,0.0003813027
2024-12-23,32.62668552,0.95849657,156.53378958,0.79503357,7.29384721,7.77164342,1.59908168,1.43601053,0.8933523,1.35448471,1447.51274804,1.76978832,34.28160208,4.49944905,58.62180785,16193.14427837,25470.09587744,84.99313062,0.0003815208
2024-12-24,32.70787513,0.96133141,157.19040508,0.79794275,7.29843929,7.77007722,1.60379048,1.43810049,0.89874164,1.3570754,1452.47309962,1.77258855,34.22959674,4.48919305,58.54833866,16186.27281712,25442.65353212,85.11988935,0.0003821114
2024-12-25,32.69104722,0.96097331,157.07753333,0.79727219,7.29816599,7.7683291,1.6039822,1.43621411,0.90038037,1.3594831,1458.72154519,1.77191423,34.12707445,4.48745426,58.53199945,16215.99414442,25547.42144608,85.30741343,0.0003824894
2024-12-26,32.69769672,0.96157374,157.44981294,0.79729572,7.29796967,7.76696762,1.60196564,1.43554991,0.89971379,1.35947989,1464.05716558,1.76962667,34.215778,4.46704128,58.07012166,16201.11751897,25430.37076925,85.27817051,0.000380631
2024-12-27,32.75664513,0.96014787,157.77159125,0.79838672,7.29855235,7.76675743,1.60816114,1.44142242,0.89913251,1.35945515,1477.58554226,1.77897316,34.17895075,4.46922507,57.81717033,16220.95144679,25462.73957985,85.20276107,0.0003800749
2024-12-28,32.82504059,0.95900359,157.89938767,0.7950994,7.29809664,7.76409456,1.60824975,1.44132477,0.90230416,1.35874953,1473.69061632,1.77555533,34.07045184,4.47399429,57.87557298,16190.02641554,25459.39571746,85.37677666,0.0003816751
2024-12-29,32.84949437,0.95903075,157.82883193,0.79541269,7.29811408,7.76211835,1.60904965,1.44110482,0.90189657,1.35870354,1473.03548796,1.77533256,34.07817143,4.47196311,57.90970857,16219.97422762,25449.89536157,85.39452425,0.0003814646
2024-12-30,32.77814841,0.95878141,157.77786871,0.79471668,7.29807919,7.76386488,1.60476318,1.43993978,0.90150043,1.35806207,1470.24097817,1.77135858,33.99011996,4.47221484,57.9122652,16232.09550593,25489.91063947,85.38583672,0.0003808611
2024-12-31,32.7753192,0.96074888,156.44747017,0.79653734,7.29551055,7.76544094,1.60570769,1.43487927,0.90297641,1.35849304,1472.04392203,1.77190443,34.17997884,4.45181905,57.81742563,16143.54475881,25491.45951777,85.53858479,0.0003831326
2025-01-01,32.75705587,0.96576441,157.29432149,0.79908761,7.29965053,7.76895758,1.61599044,1.43865454,0.90779087,1.36578209,1478.21278542,1.78721654,34.33832258,4.4715081,58.08534191,16267.55870369,25481.40620925,85.57660032,0.0003810064
2025-01-02,32.80326017,0.96560179,157.57741013,0.79876009,7.29847375,7.77181151,1.61023464,1.43713967,0.90689256,1.36407334,1469.37074263,1.78187874,34.1736918,4.47757517,57.90068345,16219.80681483,25484.85389887,85.63160563,0.0003797341
2025-01-03,32.90147211,0.97378811,157.36805421,0.80738616,7.29943728,7.77673082,1.61012035,1.43933564,0.91170585,1.36782102,1466.76165586,1.78533671,34.41072929,4.48803458,58.15900131,16239.17189173,25442.77183927,85.8153817,0.0003762211
2025-01-04,32.92827608,0.96994964,157.20135911,0.80507857,7.31987333,7.7756007,1.60850853,1.44455697,0.90873161,1.37004934,1467.16950836,1.782331,34.49200411,4.50116926,58.2021906,16195.74938381,25423.04551112,85.76987009,0.0003788596
2025-01-05,32.95253388,0.9698293,157.27241132,0.80509024,7.3200271,7.77801313,1.6103704,1.44465958,0.9084739,1.3700672,1468.28256536,1.78244956,34.4412998,4.50023764,58.07395246,16212.14634158,25405.14605779,85.76805626,0.0003787535
2025-01-06,32.93131137,0.97000559,157.64394549,0.80416188,7.32291705,7.77846436,1.60517083,1.44133322,0.90994505,1.36979909,1469.81706422,1.77837959,34.51128439,4.50159344,58.20664435,16202.77903224,25445.27476682,85.78133003,0.0003782661
2025-01-07,32.76074536,0.96358771,158.35531808,0.79945661,7.32872139,7.77274106,1.60142478,1.43468492,0.90566798,1.36463882,1457.52608245,1.77235153,34.62515383,4.5115524,58.10548241,16093.9317962,25405.49449386,85.76390078,0.0003790196
2025-01-08,32.76073629,0.9660558,158.01136069,0.80107665,7.33060837,7.77468242,1.6074256,1.43495593,0.90910091,1.36434726,1449.54095323,1.77544007,34.54075833,4.49946125,58.35031882,16180.5483526,25387.69466033,85.80505556,0.0003774975
2025-01-09,32.89502927,0.96928576,158.08012384,0.80895025,7.33008518,7.78022965,1.61191796,1.43756443,0.91066257,1.36787698,1455.82859002,1.78582923,34.64669311,4.50512868,58.52966964,16239.60077729,25403.19160701,85.91793538,0.0003760789
2025-01-10,32.91910032,0.97060529,158.14941578,0.812612,7.33101841,7.78087467,1.61232449,1.4398199,0.91168042,1.36802974,1458.81235415,1.78543243,34.55965679,4.4941558,58.31201048,16199.86546116,25401.00092445,85.88429469,0.0003745372
2025-01-11,33.11055578,0.97614784,157.69992072,0.81906505,7.33253745,7.7898426,1.62704837,1.44251401,0.91626278,1.37154989,1474.09749955,1.79973639,34.69317103,4.49799494,58.81935415,16320.5666119,25401.58051319,86.19226428,0.000371761
2025-01-12,33.13257337,0.97521124,157.68361063,0.81854114,7.33252689,7.78785679,1.62664655,1.44223124,0.91642349,1.37127144,1467.17257865,1.79962767,34.57109269,4.49858771,58.35052764,16193.12423506,25365.15615672,86.16931233,0.0003718126
2025-01-13,33.05622809,0.97634781,157.34672872,0.82025972,7.33092188,7.78723256,1.62393729,1.44244026,0.91644328,1.37130113,1472.57094768,1.79609536,34.7503145,4.51064739,58.64360282,16283.03367273,25393.79840837,86.13277034,0.000372636
2025-01-14,33.09462391,0.97619278,157.75791446,0.81899735,7.33098207,7.78398177,1.61701612,1.43799665,0.91669792,1.37053292,1465.84336142,1.78444075,34.70269043,4.50355989,58.52798182,16283.51480518,25413.96522614,86.61568355,0.000374691
2025-01-15,32.99691593,0.97080221,157.9091359,0.81949765,7.33121329,7.7882396,1.61559055,1.43535023,0.91232351,1.36745905,1458.86838651,1.78423109,34.78197073,4.5027133,58.66052739,16282.9508006,25403.51879884,86.56778882,0.0003740004
2025-01-16,32.94556455,0.97127322,155.71973411,0.81732219,7.33082032,7.78498714,1.60526345,1.43350264,0.91199981,1.36612032,1450.7635162,1.77791007,34.49701866,4.49497101,58.4697883,16355.51738946,25391.26736113,86.42297109,0.0003703097
2025-01-17,32.94612007,0.97050197,155.29999224,0.81744163,7.33080903,7.78861548,1.61082208,1.44016388,0.9104783,1.36639056,1455.20218513,1.78276943,34.53742045,4.50039761,58.51603966,16369.75425217,25418.64137095,86.55213416,0.0003687301
2025-01-18,32.90455551,0.97336483,156.31667614,0.8217037,7.32518914,7.78660818,1.61469956,1.44791068,0.91496118,1.36826954,1458.23619304,1.79139476,34.38562258,4.50396514,58.55821977,16375.09444939,25323.22630525,86.58420781,0.0003701056
2025-01-19,32.93699399,0.9737857,156.29108306,0.82134486,7.32491454,7.78588691,1.61503166,1.44800006,0.91499047,1.36947767,1456.10781342,1.79117183,34.32613186,4.50626671,58.44766562,16364.89592785,25320.14875268,86.57453624,0.0003700432
2025-01-20,32.90272567,0.97256777,156.08998245,0.82102612,7.32231485,7.78603071,1.61327454,1.44664447,0.91435493,1.36742567,1457.96558197,1.78795976,34.46756956,4.5048084,58.57094417,16362.48778237,25352.26018051,86.62094275,0.0003716159
2025-01-21,32.66708268,0.9639215,155.63200773,0.81447249,7.27721894,7.78219647,1.60435324,1.44431891,0.90837675,1.35958852,1440.68440122,1.77334155,34.16406389,4.4641034,58.40212922,16309.56720094,25338.06283195,86.29462923,0.0003686965
2025-01-22,32.75276182,0.96025745,155.6721948,0.81054226,7.27419116,7.78752364,1.59566438,1.43340939,0.90657553,1.35361872,1431.03558685,1.76713184,33.92446121,4.46344372,58.44516085,16306.87970644,25215.88508679,86.50529441,0.0003638629
2025-01-23,32.75533835,0.96048181,156.41063584,0.81167295,7.27413901,7.78796422,1.59246051,1.43871197,0.90593585,1.35454097,1437.09850759,1.76359361,33.86563208,4.43966565,58.64164528,16241.87838374,25074.64370178,86.49015334,0.0003629861
2025-01-24,32.78085906,0.96027163,156.2999318,0.80964295,7.28467192,7.78845535,1.5923376,1.43829065,0.90739192,1.35608586,1437.33637034,1.76189173,33.98329996,4.4443452,58.57003019,16225.40720224,25152.31678086,86.45130012,0.0003622444
2025-01-25,32.74971342,0.9522815,155.92726468,0.80128185,7.24394551,7.78745251,1.58350637,1.43460915,0.90549879,1.3459532,1429.5321653,1.75197852,33.59378473,4.39183831,58.29775011,16175.47956523,25084.60135575,86.18799385,0.0003608298
2025-01-26,32.77388333,0.95228088,155.98885314,0.80148231,7.24384986,7.78719824,1.58403258,1.43846227,0.90582293,1.34606773,1428.72810717,1.75671618,33.71390973,4.37800094,58.30938595,16220.1553512,25065.11546273,86.18391424,0.0003608
2025-01-27,32.78687477,0.95559756,155.5641537,0.80312361,7.25554437,7.79188942,1.58928435,1.4378205,0.90660763,1.34801442,1429.64433084,1.75856499,33.67167256,4.37859446,58.33126759,16172.54127582,25088.84096496,86.25631474,0.0003615361
2025-01-28,32.9714025,0.95685471,155.39562229,0.8025684,7.25060168,7.78984421,1.59485277,1.43861578,0.90421302,1.34948547,1438.75263692,1.76448584,33.84880297,4.38970008,58.44178415,16187.29247596,25074.74264099,86.44646826,0.0003644831
2025-01-29,32.85935191,0.95859433,155.67077143,0.80389399,7.250711,7.79101866,1.60518837,1.44033343,0.90411654,1.35167553,1447.59873496,1.76761946,33.79961299,4.39229586,58.48345042,16247.22852543,25117.151326,86.58813948,0.0003615107
2025-01-30,32.86454704,0.95949875,154.65098227,0.80317418,7.25062993,7.79293992,1.60298334,1.44120927,0.90658987,1.34937254,1442.54340089,1.76641284,33.75353267,4.39011617,58.37896535,16247.78203883,25090.26146412,86.58921801,0.0003622066
2025-01-31,32.9190804,0.96235775,153.98407845,0.80492513,7.25065185,7.79180966,1.60927953,1.4485585,0.90987698,1.35335367,1452.64121976,1.77536425,33.64865539,4.40777349,58.40333879,16275.96209383,25079.39086791,86.64447308,0.0003576854
2025-02-01,32.945382,0.96500326,155.2019506,0.80702838,7.25061235,7.79376979,1.60936521,1.45420712,0.91093042,1.35718755,1457.76026,1.77398138,33.79078796,4.4549961,58.42138513,16359.3130205,25074.94223245,86.69381164,0.0003569924
2025-02-02,33.00198031,0.96507207,155.16590604,0.80646486,7.25062296,7.79209517,1.60803029,1.45307663,0.91086808,1.35833489,1456.20025649,1.77414753,33.73272121,4.45457656,58.4149595,16297.2309571,25065.1018786,86.59415713,0.0003572231
2025-02-03,33.02431033,0.97625522,155.69532261,0.81304756,7.25084611,7.79408211,1.63214405,1.47346326,0.91544057,1.36847627,1470.93760462,1.80096673,34.03395731,4.4983217,58.60807956,16353.83856431,25077.65995917,86.78500309,0.0003592275
2025-02-04,32.97172989,0.96979827,155.33569049,0.80571145,7.25075257,7.7917122,1.61283156,1.44575632,0.91248167,1.36145436,1460.24947879,1.78226984,33.90333943,4.457137,58.51262497,16329.10089567,25251.06747761,86.99605589,0.0003546383
2025-02-05,32.88421112,0.96371794,153.64285103,0.80146858,7.28111421,7.78927639,1.60044571,1.43289973,0.90566914,1.35303193,1451.26448779,1.76876025,33.67073718,4.42484744,58.0296487,16303.79790415,25198.32710667,87.13560197,0.000352046
2025-02-06,32.84124928,0.9612764,151.88614808,0.79942347,7.2743249,7.78602258,1.59134872,1.43167825,0.90099365,1.34801074,1445.13745637,1.75783764,33.58375997,4.41649989,57.96750865,16302.14587384,25120.1826262,87.39002284,0.0003485463
2025-02-07,32.82861149,0.96345461,151.62924133,0.80458905,7.29005626,7.78845512,1.59051288,1.4307678,0.90579464,1.35139226,1447.99819369,1.75953403,33.78224382,4.43866345,58.04766923,16336.87285925,25265.7666226,87.57398292,0.0003490639
2025-02-08,32.84088624,0.96809302,151.41545484,0.80630401,7.28835021,7.79064183,1.59438031,1.42865372,0.90979026,1.35370036,1458.89347924,1.76664741,33.87569719,4.43999825,58.05731127,16346.9744136,25313.78798541,87.78813148,0.0003494838
2025-02-09,32.80510081,0.96809813,151.41299669,0.80611022,7.28815484,7.79090031,1.59460776,1.42940625,0.90972612,1.35451618,1454.82136846,1.76660067,33.84791898,4.44049737,58.11287885,16302.35154019,25294.84166891,87.68298388,0.0003494961
2025-02-10,32.82956403,0.97049841,152.04548906,0.80740362,7.30330773,7.79110858,1.59860558,1.43490365,0.91173329,1.35658807,1455.15365396,1.77241442,33.89644288,4.46193745,58.10025906,16341.39179868,25256.09277876,87.67074034,0.0003487155
2025-02-11,32.82984979,0.97064994,151.97434557,0.80891666,7.30737944,7.79001271,1.59415236,1.43322514,0.91136812,1.35647416,1453.85678419,1.7734564,34.02208901,4.46976937,58.16190988,16347.71761409,25401.67419501,87.53323388,0.0003412257
2025-02-12,32.83855012,0.96536054,153.37762385,0.80331113,7.30777575,7.79353121,1.58860977,1.42937466,0.91319204,1.35394234,1453.49087387,1.76682866,34.06458356,4.4692228,58.20252918,16347.36651123,25523.17852374,86.7750561,0.0003455713
2025-02-13,32.87584035,0.96188506,154.35418016,0.80299591,7.30791415,7.78957605,1.59222021,1.42913756,0.91333084,1.35259033,1454.2943453,1.77262721,33.98078971,4.4714896,58.30794295,16380.57188733,25543.36242719,86.94699324,0.0003443823
2025-02-14,32.73150096,0.95562503,152.49286071,0.7955911,7.27695081,7.78732041,1.58100988,1.41842627,0.90275008,1.34292908,1443.53620428,1.7581374,33.66446422,4.43483308,57.88442782,16237.52064185,25473.75528967,86.71091746,0.0003410916
2025-02-15,32.68002532,0.95295037,152.30436894,0.79466353,7.25341416,7.78420508,1.57431453,1.4184995,0.89911081,1.33934888,1441.46023937,1.74520032,33.71841092,4.43499891,57.75945126,16185.04469322,25398.88303433,86.66837203,0.0003467839
2025-02-16,32.70643338,0.95274204,152.3158678,0.79444209,7.26318084,7.78448712,1.57447466,1.41851632,0.89929562,1.33924435,1440.71232594,1.74523642,33.64813978,4.43652755,57.83820508,16262.96773247,25374.94190555,86.61943637,0.0003468571
2025-02-17,32.69561787,0.95203696,151.77693748,0.79387379,7.24657171,7.78127263,1.57087222,1.41648196,0.89934037,1.33825824,1440.38458304,1.73992498,33.69507808,4.42639428,57.82790824,16187.23402763,25414.09151726,86.66462948,0.0003456168
2025-02-18,32.75686281,0.95542878,151.75717045,0.79342882,7.27268711,7.78176981,1.57655193,1.4201644,0.90196042,1.34333558,1444.54112875,1.74928954,33.78852196,4.43962562,58.20297875,16228.87394668,25493.3711785,86.91226823,0.0003452385
2025-02-19,32.7592958,0.95750663,151.86687986,0.79304952,7.28294853,7.77673409,1.57591051,1.41963935,0.90400733,1.34293289,1440.88376668,1.76045843,33.66660697,4.44809789,58.1213977,16324.57822101,25567.43471832,86.91335717,0.0003406195
2025-02-20,32.76871655,0.95942017,150.6651656,0.79451567,7.27998332,7.77760925,1.57704303,1.4234418,0.90381413,1.34177811,1440.88416154,1.75318574,33.70345371,4.43911521,57.9838893,16350.96276446,25501.55716203,86.8790305,0.0003406435
2025-02-21,32.75032029,0.95367295,150.37821428,0.79018354,7.2547192,7.77382179,1.56429361,1.41870555,0.89948397,1.33585093,1435.74199552,1.73645437,33.5949357,4.42265311,57.90824844,16255.50874948,25509.48967628,86.56929129,0.000340142
2025-02-22,32.78099978,0.95594895,149.29107439,0.79098184,7.25113273,7.76992486,1.57310938,1.42344403,0.89783489,1.33638668,1435.81526483,1.74196063,33.55996907,4.42022713,57.90304856,16307.31345097,25540.89841022,86.69044436,0.000340555
2025-02-23,32.81548442,0.95581271,149.27582034,0.79148923,7.2500771,7.76991214,1.57394302,1.422688,0.89776379,1.33618665,1434.53204081,1.74197838,33.54804803,4.41870644,57.87617923,16306.80834074,25514.88066218,86.58480671,0.000340584
2025-02-24,32.76767435,0.95097147,149.09859807,0.78890842,7.2507309,7.77069383,1.57004713,1.41975043,0.89638091,1.33359647,1430.59869717,1.73911319,33.5064381,4.41289601,57.90481116,16307.36432808,25561.80202133,86.62494748,0.0003413227
2025-02-25,32.75753881,0.95567873,150.12216079,0.79232347,7.25872573,7.77565245,1.57673539,1.42669473,0.8975995,1.33920723,1429.84471486,1.74650222,33.54687021,4.41703858,57.92153182,16289.5614233,25505.38607365,86.72069678,0.0003393489
2025-02-26,32.77360826,0.95069053,149.11554883,0.78936025,7.24810456,7.7710528,1.57908082,1.43066566,0.89229722,1.33679543,1431.58054583,1.74921069,33.77983623,4.41198364,57.87997532,16321.00529344,25535.00828242,87.07517871,0.0003412979
2025-02-27,32.79838926,0.95409177,149.15907229,0.78932346,7.26089016,7.77330596,1.58514734,1.43448354,0.8949972,1.33856019,1437.1397492,1.75539026,33.80783326,4.430043,57.87446523,16372.56698799,25599.10691602,87.12318989,0.0003428832
2025-02-28,32.90236454,0.96222458,149.45115836,0.79361881,7.29042086,7.7772843,1.60531501,1.44398208,0.89877234,1.34767078,1458.36026945,1.77979328,34.02927707,4.46684749,58.00601781,16564.0680019,25558.3806282,87.31384814,0.0003471418
2025-03-01,32.91956405,0.96294518,150.64746647,0.79492402,7.2827921,7.77861235,1.61181278,1.44457829,0.90266611,1.35123775,1461.5967258,1.78563472,34.2409932,4.45529518,57.98566661,16536.49341503,25538.32745813,87.47168,0.000349819
2025-03-02,32.95041001,0.96356943,150.61604288,0.79498772,7.28279529,7.77857797,1.61081131,1.44656947,0.90336489,1.35119439,1461.87003749,1.7857735,34.21545644,4.46239692,57.96550438,16567.92840482,25534.97931942,87.47498824,0.0003498759
2025-03-03,32.91665077,0.95979582,150.39527939,0.79302813,7.28402138,7.77733844,1.60588641,1.44375069,0.90235506,1.34874654,1460.83178084,1.78191519,34.19911043,4.45699921,57.94098999,16580.77811721,25543.86328854,87.36091716,0.0003484823
2025-03-04,32.93360719,0.95294325,148.82331763,0.78719217,7.28625583,7.77671152,1.60957547,1.44869107,0.89521669,1.34451279,1456.80083333,1.78154172,33.93560655,4.46013814,57.81539179,16466.43610726,25587.78748809,87.31224479,0.0003463394
2025-03-05,32.82152467,0.94221541,150.16660986,0.78251637,7.26559056,7.7731818,1.59776992,1.44177295,0.89086338,1.34005114,1455.682396,1.76761346,33.7358568,4.44763915,57.57126639,16405.92784645,25555.10828674,87.26518378,0.0003436006
2025-03-06,32.7930407,0.92466954,148.98943994,0.77491435,7.24270135,7.76991384,1.57535334,1.43221454,0.88979109,1.33053253,1439.71215488,1.74250809,33.6017877,4.41854229,57.284512,16291.65547125,25498.50472791,86.90344755,0.0003421505
2025-03-07,32.88077982,0.92691554,148.01403694,0.77632385,7.25225155,7.7742992,1.58317418,1.42995399,0.88292857,1.33322227,1446.28904166,1.74563104,33.81726943,4.43612576,57.3775245,16329.20080523,25476.65280711,87.08412334,0.0003437394
2025-03-08,32.85114938,0.92295837,147.95535032,0.7744507,7.23393341,7.77056602,1.58577674,1.43732589,0.88031351,1.33092991,1448.19979268,1.75190324,33.69488999,4.41429599,57.38100313,16301.88106233,25497.5447629,87.13248321,0.0003435069
2025-03-09,32.84202614,0.92280377,148.04498668,0.77498353,7.2342482,7.77074786,1.59083619,1.43714968,0.88084573,1.33090359,1447.51452216,1.7511595,33.75602545,4.41450223,57.20501839,16299.99417988,25504.99089285,87.14921922,0.000343283
2025-03-10,32.83163876,0.92033779,147.22858858,0.77273649,7.23390936,7.77144089,1.58296984,1.43598947,0.87703639,1.32865534,1447.19184069,1.74765207,33.66070509,4.41238804,57.38094687,16299.81532852,25585.99007552,86.99938715,0.0003429905
2025-03-11,32.94706386,0.92122234,146.83516104,0.77606375,7.25731658,7.76892355,1.5944325,1.44314948,0.87766914,1.33265001,1457.2178075,1.75815297,33.95370378,4.43512935,57.44826175,16330.36330854,25526.28220403,87.37546435,0.0003460037
2025-03-12,32.89278837,0.91655833,148.02768488,0.77290814,7.22096509,7.77128044,1.58937498,1.44369536,0.88329507,1.3306207,1451.84475212,1.75164544,33.74463137,4.42106715,57.32879785,16445.27714373,25448.54679207,87.21124231,0.0003429429
2025-03-13,32.92145359,0.91843831,148.31444121,0.771336,7.24089412,7.77037629,1.58186297,1.43737544,0.88164944,1.33280742,1450.21937511,1.74394976,33.80896799,4.43237886,57.39945366,16429.53200693,25468.64436883,87.18532451,0.0003404708
2025-03-14,33.00012335,0.92183433,148.22852695,0.77230773,7.24894108,7.77290624,1.58930545,1.4432786,0.88340338,1.33636344,1455.66887082,1.75112712,33.66325409,4.4469613,57.29247713,16361.44724887,25473.74474302,86.96156203,0.0003346531
2025-03-15,32.93945651,0.91848581,148.59963337,0.77273305,7.23759661,7.77295098,1.58157566,1.43743538,0.8851507,1.33392059,1451.10210272,1.74022942,33.58664318,4.44411679,57.30214628,16334.16148273,25509.04244248,86.9576263,0.0003347979
2025-03-16,32.94590734,0.91913032,148.63303998,0.77297113,7.2378792,7.77276525,1.58055304,1.43719537,0.88504069,1.33450369,1452.08515559,1.74028043,33.61443586,4.44515228,57.22875959,16327.35440011,25476.69901331,86.92567453,0.00033456344
2025-03-17,32.95077176,0.91857366,148.65787414,0.77269419,7.2267682,7.77201756,1.57789788,1.43695002,0.88410607,1.33253048,1448.73135961,1.7356499,33.63595127,4.44143659,57.21519666,16332.04823847,25524.46449588,86.94895251,0.0003342541
2025-03-18,32.99923799,0.91624477,149.48646992,0.77022072,7.22989648,7.77003377,1.56583001,1.42948531,0.88152722,1.33068396,1444.20637125,1.71577268,33.56411704,4.44426566,57.28715758,16390.22267247,25471.64673833,86.67726941,0.0003328528
2025-03-19,33.0075679,0.91443489,149.54720295,0.76961963,7.23227098,7.77009376,1.57234894,1.43040645,0.8774915,1.33138443,1451.21080733,1.71997611,33.66083866,4.43189304,57.26378889,16493.73214597,25528.33371936,86.60814187,0.0003302159
2025-03-20,33.034756,0.91702572,148.29494125,0.76905785,7.22985349,7.77074449,1.57861097,1.43327522,0.87652603,1.33092478,1461.14685909,1.72651675,33.58606141,4.42782907,57.18394386,16520.5799934,25580.74340881,86.32655245,0.0003276264
2025-03-21,33.02287357,0.9214878,149.12020556,0.77134534,7.24897774,7.7720538,1.58786725,1.43217764,0.88243634,1.33573671,1468.99660425,1.73626165,33.84852655,4.42241838,57.26270251,16496.41631519,25555.08266101,86.34253781,0.000329251
2025-03-22,32.99023646,0.92330383,149.29763548,0.77415955,7.24854464,7.77395775,1.59391904,1.43823881,0.88351175,1.33594337,1465.78501365,1.74546811,33.78141629,4.42298646,57.32952998,16497.02125387,25596.52807273,86.01156641,0.0003307775
2025-03-23,32.99035326,0.91935002,149.34497506,0.77405318,7.24924682,7.775047,1.59235652,1.44214944,0.88396883,1.3334032,1465.77974764,1.744896,33.91602289,4.42303707,57.34047944,16525.99283642,25604.98890069,85.99446643,0.00033096601
2025-03-24,33.0313116,0.92371097,149.92297848,0.77378949,7.25975631,7.77352044,1.59144561,1.43390723,0.88369909,1.33670302,1467.050612,1.74367099,33.95008646,4.42956228,57.3464273,16502.07435014,25479.63092808,86.02766848,0.0003308455
2025-03-25,33.04109147,0.92540244,150.6377765,0.77374465,7.26220635,7.77486121,1.58918184,1.43124161,0.88278581,1.33858379,1469.57359156,1.74619688,34.00848659,4.4381045,57.35400967,16588.22155347,25691.47490764,85.5737806,0.0003318845
2025-03-26,33.07780229,0.92658924,150.13626451,0.77270806,7.26163021,7.77485226,1.5875972,1.42782699,0.88285756,1.33691056,1463.4816786,1.7442121,33.83362497,4.42280401,57.61387832,16619.02589746,25686.39038471,85.63579192,0.0003308035
2025-03-27,33.13386426,0.92885077,150.18804029,0.77532885,7.2657936,7.77522729,1.5889495,1.42811294,0.88317994,1.33956071,1466.84961512,1.74559988,33.97066254,4.43004524,57.58592564,16626.30099128,25582.56509294,85.84697206,0.0003306719
2025-03-28,33.11518603,0.92631022,150.76734837,0.77230559,7.26239756,7.77601342,1.58898019,1.4314614,0.88221805,1.3395217,1465.71349453,1.74764168,33.87885954,4.42876789,57.38654075,16570.32756588,25675.45057996,85.68403949,0.0003256012
2025-03-29,33.20640497,0.92007551,149.9896489,0.77279706,7.26276805,7.77822311,1.59029044,1.43490294,0.88105677,1.34158249,1470.33784107,1.74979295,33.93264004,4.43292714,57.38280787,16599.72882041,25573.61654182,85.53731308,0.0003243648
2025-03-30,33.22627226,0.91869979,149.85110927,0.77253593,7.26273443,7.78004888,1.5897274,1.43376782,0.88081791,1.34165058,1470.44260349,1.74976538,33.8954742,4.43689253,57.37162304,16581.31453214,25555.12236726,85.52984352,0.0003243646
2025-03-31,33.232701,0.92235522,149.25801135,0.77137489,7.26330567,7.77764137,1.58808354,1.43031007,0.87902481,1.341716,1470.37341735,1.74985819,33.89631805,4.43701836,57.3711622,16560.80246933,25555.18987236,85.53644641,0.00032466904
2025-04-01,33.22856376,0.92414748,149.83135337,0.77389163,7.26454016,7.78095661,1.60199807,1.43916806,0.88355301,1.34352299,1472.01213381,1.76336521,34.04120258,4.43673016,57.25999429,16620.82755551,25542.52415637,85.48083927,0.0003190738
2025-04-02,33.23046657,0.92657063,149.85099123,0.77416849,7.26899884,7.78121108,1.59091636,1.43030239,0.88375072,1.34404047,1468.05021965,1.75021997,34.19406008,4.44938381,57.20823783,16731.65381842,25672.63926443,85.59671638,0.0003192232
2025-04-03,33.18709288,0.9156688,147.62590185,0.76539412,7.29726445,7.78336612,1.59109985,1.42444322,0.87688878,1.34382884,1465.49698777,1.74140963,34.39798678,4.47335136,57.21910351,16761.6048976,25666.56706672,85.70763002,0.0003168845
2025-04-04,32.9820315,0.90362385,146.083508,0.76307168,7.27953801,7.77797481,1.58275429,1.40548957,0.85676568,1.3324052,1439.13864133,1.7290613,34.10423594,4.41946248,56.90463555,16740.85082699,25794.62278183,85.3254633,0.000321395
2025-04-05,33.17893077,0.91246593,146.76845765,0.77564517,7.28344365,7.77389778,1.65511267,1.4228767,0.86074114,1.34507161,1459.57604082,1.78702033,34.39196948,4.4344976,57.35119916,16749.94552244,25768.57933018,85.4761475,0.0003291873
2025-04-06,33.20197724,0.91255354,146.96036266,0.77538946,7.28127043,7.77468496,1.65491202,1.42231167,0.86105658,1.34587867,1459.47775541,1.78716542,34.26184,4.43676591,57.40743439,16602.01741589,25785.09278762,85.51949043,0.0003291874
2025-04-07,33.25008008,0.91082279,146.18032858,0.77547092,7.2954039,7.77295494,1.66413607,1.42275195,0.85503094,1.34819387,1469.10500882,1.79183755,34.61014006,4.46249385,57.28164107,17217.73604189,25795.39478892,85.84641118,0.0003285353
2025-04-08,33.02719696,0.91250564,147.57224281,0.78278649,7.33595722,7.77024398,1.66246204,1.41836059,0.85725188,1.350318,1470.52090509,1.79671658,34.62433436,4.49128216,57.28734072,16853.84457595,25860.69284732,85.92749271,0.0003335071
2025-04-09,33.02337124,0.90645454,145.44705561,0.77865546,7.32683244,7.76659182,1.66890606,1.42178781,0.84372513,1.3495069,1481.5844504,1.80577873,34.86741525,4.48780088,57.45924916,16941.53152434,26120.68777667,86.25375365,0.0003329491
2025-04-10,32.84210901,0.91132226,146.9622614,0.77967255,7.32447242,7.76153387,1.63290385,1.41062272,0.85248886,1.344206,1460.73063899,1.77554733,34.30756109,4.47996423,57.2065499,16849.2282519,25920.83376156,86.4486931,0.000323759
2025-04-11,32.76301326,0.88650947,143.65994055,0.76911016,7.3022051,7.75676883,1.61214402,1.39743316,0.82177055,1.32771804,1448.97013675,1.73355337,33.71886794,4.43724298,56.99947662,16799.08646483,25706.93438456,86.05646104,0.0003134246
2025-04-12,32.37778496,0.88050396,143.54175755,0.76429708,7.29423223,7.75666979,1.59080998,1.38713827,0.8132631,1.31861059,1421.01242468,1.71669918,33.4665473,4.42200522,57.18370885,16791.98707158,25762.98477876,86.1385224,0.0003088947
2025-04-13,32.40476433,0.88051977,143.5472895,0.76594377,7.3063335,7.75499848,1.59114276,1.3870141,0.81583487,1.31952885,1419.09730163,1.71677142,33.53069271,4.42476424,56.9822814,16789.09782408,25720.09959315,86.02704154,0.0003088947
2025-04-14,32.41597063,0.87815097,142.6318136,0.76272998,7.29304398,7.75656964,1.58847792,1.38584067,0.81579728,1.31714913,1431.14190714,1.71079231,33.47674941,4.42886941,57.04918228,16788.59035429,25747.44752827,86.0455226,0.0003084091
2025-04-15,32.45922168,0.88313343,143.41361158,0.75900288,7.30611559,7.75831198,1.57849048,1.38877014,0.81768297,1.31652593,1425.0761701,1.69709493,33.52849051,4.40864085,57.05625254,16781.23402452,25869.31209914,85.99272918,0.0003104123
2025-04-16,32.49912793,0.88294874,142.79437932,0.75468921,7.32287239,7.75743129,1.57612945,1.39486076,0.81779712,1.31649703,1428.66810927,1.6946377,33.4063692,4.41623652,56.6395121,16815.15758785,25805.1892571,85.75036755,0.0003060342
2025-04-17,32.52007643,0.88000117,142.72722534,0.75687345,7.3129799,7.76166165,1.5725036,1.3880302,0.81781772,1.31422738,1421.72520019,1.69125008,33.22433216,4.41162178,56.62989697,16827.60214434,25868.33085448,85.62641179,0.0003002261
2025-04-18,32.53832097,0.87939154,142.37632867,0.753267,7.30050064,7.76369088,1.56645912,1.38504366,0.81853294,1.31164726,1422.08797312,1.67661496,33.34672004,4.4080344,56.72469487,16857.8610735,25861.68497591,85.38982027,0.0003004561
2025-04-19,32.52350634,0.87790144,142.17327507,0.75188479,7.30060569,7.76200823,1.56849914,1.38599679,0.81624645,1.31099944,1423.04897556,1.68409956,33.41407078,4.4069965,56.7123707,16867.89044657,25805.67402157,85.43446402,0.0003004534
2025-04-20,32.61794306,0.87774726,142.17823261,0.75245499,7.29944341,7.76202799,1.568289,1.38485004,0.81642358,1.31114195,1424.22023032,1.68290238,33.37005,4.41332463,56.71818315,16839.32000357,25930.1387252,85.43383955,0.0003004534
2025-04-21,32.55138295,0.87139266,141.03062205,0.74897676,7.29467988,7.7606191,1.56424154,1.38176065,0.81110634,1.30585415,1418.74379157,1.67611884,33.18428066,4.39953051,56.58930883,16829.0034935,25916.4596885,85.20182294,0.0002960261
2025-04-22,32.4519709,0.87002421,140.88100058,0.74756924,7.30685504,7.76027483,1.557653,1.38323115,0.81165745,1.30576291,1425.6317522,1.66684598,33.21477276,4.37920867,56.7337223,16830.40080371,25906.44965406,85.17613846,0.0002898495
2025-04-23,32.51615467,0.87632131,141.69855018,0.75099767,7.30678745,7.75728301,1.56330737,1.38236976,0.82110147,1.31054061,1428.59383739,1.67262009,33.49570976,4.4072466,56.5858593,16848.21253071,25973.98148386,85.22962907,0.0002955377
2025-04-24,32.54352718,0.88066723,142.76052747,0.75276109,7.29133912,7.75886767,1.57216918,1.38655627,0.82799093,1.31352173,1429.8356768,1.6798432,33.47843396,4.39548859,56.49089159,16863.91447902,26040.21187333,85.4973127,0.0002981386
2025-04-25,32.52278896,0.88143789,142.97304584,0.75184477,7.29417098,7.75824635,1.56370354,1.38703181,0.8309521,1.3137647,1435.75938277,1.67179237,33.43799936,4.37506084,56.37794241,16818.1493931,26041.6286766,85.30800769,0.0002990154
2025-04-26,32.55727767,0.87741697,143.71533053,0.75127621,7.28796031,7.75857527,1.56090766,1.38779254,0.82789265,1.31451582,1438.28104436,1.67739556,33.51423883,4.37616043,56.20306892,16804.36818405,25999.75098147,85.383869,0.0003016879
2025-04-27,32.56730681,0.87852942,143.65866141,0.75112418,7.28645205,7.75822982,1.5614499,1.38679425,0.82825806,1.31505694,1438.37282546,1.67706223,33.49446747,4.37416095,56.187035,16839.70550744,26022.74849092,85.3846755,0.0003016877
2025-04-28,32.52985574,0.88072788,143.65607858,0.75241715,7.29490311,7.75772278,1.5665107,1.38810552,0.8281892,1.31596598,1439.88957137,1.680221,33.66875195,4.37653985,56.28748052,16838.70555049,26000.43881726,85.38067611,0.0003044339
2025-04-29,32.38211777,0.87800002,142.41805743,0.74519562,7.28792254,7.75735402,1.5560253,1.38389536,0.82316275,1.31044221,1441.31451807,1.67663815,33.37980412,4.33801445,56.2934886,16816.57729686,26000.31490979,85.13008401,0.0003008098
2025-04-30,32.13816615,0.8795422,142.35650087,0.74624592,7.2741023,7.75921474,1.56283432,1.38302977,0.82346795,1.30790479,1432.07325266,1.68543441,33.4319483,4.32074894,55.98406184,16730.65352544,25998.02232802,85.25945187,0.0003018761
2025-05-01,32.07818887,0.88435282,143.18986867,0.75150096,7.27167545,7.75655034,1.56031867,1.37915191,0.8269291,1.30789452,1426.06800937,1.68478464,33.49330305,4.31521608,55.81626875,16559.46584548,26004.0104282,84.57683471,0.0003086938
2025-05-02,31.79378356,0.88538217,145.48223631,0.7525021,7.26913315,7.75672229,1.56044177,1.38355385,0.83009188,1.31014523,1433.99128432,1.68841253,33.52405101,4.32048237,55.86119119,16593.50975313,26019.10451157,84.56224645,0.0003091019
2025-05-03,30.71896281,0.88509071,144.91632411,0.7536884,7.27159389,7.75010567,1.55269067,1.38199946,0.82674874,1.29948339,1399.58560819,1.68164575,33.06878573,4.25803093,55.58029562,16461.88744151,25959.79072747,84.48076452,0.0003086125
2025-05-04,30.74477581,0.88482709,144.92456311,0.75295175,7.27132692,7.75049885,1.55156755,1.38211772,0.8265533,1.29933825,1400.89518594,1.68107869,33.22566964,4.25884429,55.58855393,16530.79536522,25984.89442531,84.56934601,0.0003086129
2025-05-05,29.79696993,0.88224701,144.24339805,0.75250489,7.27152284,7.75043143,1.54642306,1.3804981,0.82271089,1.29296576,1378.81033544,1.67329416,33.00090722,4.21087857,55.4646171,16416.34403825,26016.2360925,84.38052842,0.0003063169
2025-05-06,30.0670636,0.88540604,143.99248678,0.75344174,7.24006587,7.75081093,1.55066911,1.38378482,0.82447657,1.29479583,1389.0592516,1.67996335,32.95860492,4.23427626,55.82255115,16460.44426871,25967.23960694,84.34021951,0.0002962346
2025-05-07,30.21567625,0.88152526,142.94731875,0.7489375,7.22112271,7.7531777,1.53908925,1.37822609,0.82611072,1.29088819,1391.91393894,1.66424904,32.76774394,4.23986206,55.28955004,16467.10574475,25965.96410792,84.5653819,0.0002961532
2025-05-08,30.30704994,0.88283753,143.53907973,0.74996457,7.23721684,7.76454829,1.54934984,1.38208906,0.82288484,1.29380646,1398.01570343,1.67798626,32.79971332,4.26598686,55.57808599,16536.866682,25938.35977893,84.7433945,0.0002936902
2025-05-09,30.32697651,0.89174906,145.78970081,0.75601074,7.24686862,7.77251821,1.56581449,1.39335298,0.83281375,1.30163364,1412.93937736,1.69871158,33.16752041,4.32154032,55.74110916,16540.17027418,25979.11333324,85.9017446,0.0003038051
2025-05-10,30.26104383,0.8888442,145.3674985,0.7516501,7.23739515,7.77849632,1.55944684,1.39340519,0.83164975,1.29690546,1395.9333772,1.69249604,32.9580302,4.28969533,55.36893266,16545.41816651,26035.56907326,85.43863207,0.0003004302
2025-05-11,30.24341987,0.88863954,145.43108681,0.75159837,7.23640535,7.77891061,1.55912839,1.39413148,0.83167559,1.29803196,1395.25857858,1.69230277,33.00289525,4.29718916,55.36949176,16510.98057776,25957.0853432,85.39134743,0.0003004301
2025-05-12,30.25386958,0.89075882,146.11858687,0.75310784,7.22856714,7.77742951,1.55672563,1.39367599,0.83445196,1.2987601,1400.71493929,1.68795669,33.04008774,4.29804425,55.39234475,16543.75398388,25972.26306256,84.96747214,0.000305561
2025-05-13,30.3028935,0.9003131,147.84285305,0.75844221,7.18858055,7.79079352,1.56935365,1.39796504,0.84362168,1.30386249,1409.32472524,1.70755593,33.4124945,4.33421617,55.70410149,16632.98275661,25941.68422547,84.9255102,0.0003100325
2025-05-14,30.38072757,0.89374875,147.15900314,0.7513488,7.21361702,7.80196875,1.54171633,1.39351172,0.83868611,1.3017796,1413.73895533,1.68163723,33.30685867,4.31104927,55.74060791,16579.9941994,25931.96309456,85.09087427,0.0003084408
2025-05-15,30.1913863,0.89321558,146.25622309,0.75303002,7.21433196,7.80877462,1.55153071,1.39676217,0.83964437,1.29932151,1401.52883247,1.69320274,33.41053869,4.29060149,55.79217492,16558.29523173,25923.27864528,85.40437498,0.0003148341
2025-05-16,30.11036102,0.89267316,145.23049174,0.75113446,7.20104514,7.80827388,1.56124798,1.39536,0.83341327,1.29633958,1396.61540297,1.70304604,33.13693937,4.26670859,55.60098719,16475.28617017,25934.14748955,85.45207665,0.0003106562
2025-05-17,30.21686816,0.89594186,145.63943665,0.753009,7.21009122,7.81439821,1.5613749,1.39649679,0.83758083,1.30139138,1396.88437267,1.70010815,33.33843104,4.29539636,55.80440899,16488.81225449,25815.78984344,85.56621066,0.0003123951
2025-05-18,30.24343817,0.89576131,145.64223561,0.75301039,7.20893793,7.8141026,1.55978841,1.39680281,0.83767751,1.3002902,1398.70537306,1.70031892,33.19730001,4.29557126,55.80539003,16490.3601326,25922.10898767,85.58753113,0.0003123951
2025-05-19,30.17674884,0.89477554,145.15811094,0.75220276,7.2134563,7.81957587,1.56146782,1.39708157,0.83643258,1.2987669,1399.16726107,1.69793296,33.24159376,4.31026348,55.7833069,16474.16557568,25932.7841017,85.54753899,0.0003106045
2025-05-20,30.19664632,0.88986519,144.91287486,0.74866108,7.218707,7.8232238,1.5523342,1.39662224,0.8346546,1.29520214,1393.00417157,1.68933749,33.18731491,4.28855083,55.66387888,16427.63483995,25954.26031875,85.41911142,0.0003102675
2025-05-21,30.12010166,0.88514335,144.25863784,0.74583117,7.21228814,7.82856149,1.55397139,1.39075916,0.82599863,1.29371955,1387.44779748,1.6846097,32.81752829,4.2780584,55.60814759,16413.82603905,25965.58264538,85.58400753,0.0003032457
2025-05-22,29.95118224,0.88192335,143.29604247,0.74470593,7.19752975,7.82561065,1.55502024,1.3854976,0.82428376,1.28896797,1376.50992352,1.68756037,32.62649811,4.25018438,55.61601833,16334.94950349,25964.3379657,85.58064707,0.0002994827
2025-05-23,30.00271071,0.88359826,143.61731345,0.74382907,7.20098792,7.82974528,1.55541612,1.38352964,0.82666085,1.29054574,1376.71329822,1.69140657,32.8089028,4.2578924,55.61190326,16317.52468973,25929.69753019,85.9627932,0.0003027887
2025-05-24,29.97257099,0.87974804,142.61393905,0.73855842,7.18160517,7.83239729,1.53975186,1.37299358,0.82129847,1.28450532,1364.79992572,1.66970345,32.49899344,4.23149887,55.35931697,16241.48323381,25807.1595878,85.20413351,0.0002976413
2025-05-25,29.99041155,0.87957744,142.56488578,0.74032451,7.17980135,7.83284836,1.53978583,1.37368965,0.82108483,1.28558253,1365.71405479,1.6705354,32.66367723,4.23051108,55.36584407,16279.47929957,25949.8553521,85.11125593,0.0002976413
2025-05-26,29.92435165,0.87627821,142.36608781,0.73624079,7.17141903,7.83371213,1.53157307,1.36961965,0.82016316,1.28145177,1362.67003964,1.66021317,32.45634613,4.20216245,55.16088306,16182.25586762,25923.70878466,85.02809536,0.0002989657
2025-05-27,29.86121215,0.87766574,142.32570075,0.73680485,7.18991288,7.83778865,1.54205547,1.37332867,0.81986975,1.28359473,1368.90310298,1.66805072,32.58919011,4.20437315,55.3741221,16243.58445757,25923.71338916,85.07599422,0.0002999352
2025-05-28,29.92770428,0.88358836,144.31243378,0.74117323,7.20004659,7.84002561,1.55551522,1.38254592,0.82788448,1.28960309,1374.88895443,1.68777752,32.7213936,4.25071461,55.60090846,16285.85109791,25922.06889762,85.39694409,0.0003027648
2025-05-29,30.00015,0.88874738,145.79409005,0.7438273,7.20217691,7.83653553,1.55779023,1.3848187,0.83233661,1.29356136,1382.27875868,1.68387488,32.82423669,4.24559458,55.65460737,16346.3340031,26039.73409995,85.48390149,0.0003064122
2025-05-30,29.823568,0.88036143,143.80472716,0.7415792,7.18522377,7.84026599,1.555476,1.38172509,0.82231774,1.28751072,1374.86493365,1.67586275,32.55413462,4.23043155,55.60659673,16298.23349423,26000.68881895,85.40190197,0.0003021371
2025-05-31,29.9166555,0.88115454,143.9996997,0.74327821,7.19925409,7.84248627,1.55494848,1.37671792,0.82221108,1.29025641,1380.33197261,1.67755272,32.7575405,4.2565007,55.78906462,16363.74555622,26016.30432406,85.53964582,0.0003037573
2025-06-01,29.94263387,0.88126427,144.04059088,0.74256646,7.19905802,7.84083033,1.55456906,1.37405623,0.82226872,1.29135794,1382.76083867,1.67839373,32.73045587,4.25672702,55.77963639,16289.8131249,26034.94327739,85.53006922,0.0003037572
2025-06-02,29.9669211,0.87947163,143.48923661,0.7412823,7.19977234,7.8425564,1.54867458,1.37183626,0.8219168,1.2893792,1379.21346174,1.6673088,32.82891771,4.25595601,55.83672746,16329.68201144,25986.5538002,85.57300267,0.0003024709
2025-06-03,29.97700487,0.8751467,143.2042623,0.7389704,7.20044777,7.84368198,1.54311796,1.37249667,0.81837769,1.28680495,1377.48554462,1.6559383,32.55673463,4.24064112,55.68040398,16291.62353199,26057.58296854,85.44468051,0.0002964693
2025-06-04,29.99452903,0.87824969,143.74717023,0.73874364,7.18413411,7.84483768,1.54467331,1.37099334,0.82295112,1.28863541,1373.44943628,1.66493866,32.57579643,4.24199615,55.75903454,16307.58989249,26056.89490825,85.66432841,0.0002966005
2025-06-05,29.8753393,0.87589093,142.91998925,0.73814072,7.18138574,7.84556795,1.53877338,1.36781068,0.81878404,1.2858861,1356.28515241,1.65758829,32.55594091,4.23899712,55.62043584,16286.91505945,26087.92005926,85.8854211,0.0002963967
2025-06-06,29.92662282,0.87388182,143.70883905,0.73666823,7.18057613,7.84581802,1.5373925,1.36641369,0.82044288,1.28653597,1357.17631832,1.6547665,32.65658776,4.22992763,55.6771951,16257.77174522,26079.05975191,85.86377701,0.000297302
2025-06-07,29.93348305,0.87729705,144.88176859,0.73930932,7.19093166,7.84689768,1.54034972,1.3692406,0.8220251,1.28785118,1360.17158467,1.66249951,32.69090246,4.22801039,55.90751356,16319.67254546,25861.23921685,85.77520492,0.0003020396
2025-06-08,29.96515332,0.87784546,144.90520212,0.73846167,7.1885757,7.84686885,1.54132714,1.36950269,0.82341736,1.28946925,1360.20282256,1.6626243,32.74030297,4.22806393,55.80115066,16285.857109,26049.86054922,85.76277324,0.0003020397
2025-06-09,29.96032827,0.87574725,144.45972046,0.73769691,7.18581852,7.84766762,1.5353421,1.3682039,0.82093739,1.28730649,1358.03117102,1.65681472,32.78166501,4.23596798,55.82417411,16301.67337527,26041.98322168,85.77337671,0.0003031994
2025-06-10,29.93512618,0.87796507,145.19145283,0.73949964,7.18490821,7.84791158,1.53763113,1.37149214,0.82401801,1.28840623,1360.2554208,1.65854442,32.75333684,4.23384697,55.77123919,16285.36347978,26040.70723472,85.64103153,0.0003023897
2025-06-11,29.90832528,0.87649119,145.02681106,0.74204108,7.18599318,7.84893185,1.53775004,1.36789587,0.82296871,1.28748376,1371.34025832,1.65706624,32.66182761,4.23914467,55.8557727,16270.71637902,25982.48354701,85.58696409,0.0003003976
2025-06-12,29.81559704,0.86809986,143.94899877,0.73622385,7.18700411,7.84896527,1.54069775,1.36670305,0.81669906,1.28296903,1369.37805992,1.66112352,32.48440738,4.22912299,55.86835508,16253.09460748,26019.41324004,85.45712497,0.0002966958
2025-06-13,29.50021605,0.86589798,143.17199314,0.73716836,7.17508337,7.84862031,1.542307,1.3628493,0.80761154,1.28046539,1363.57763635,1.6589373,32.42761799,4.23528224,55.88585769,16257.91418886,26091.18586462,85.83771953,0.0002918612
2025-06-14,29.54614757,0.86584795,144.10321762,0.73691509,7.18135386,7.84973314,1.54139617,1.35850388,0.81125009,1.2820981,1366.51641758,1.66349234,32.41877892,4.24599953,55.9317965,16302.42777663,26240.1009113,86.09643083,0.0002912992
2025-06-15,29.56728923,0.86567527,144.10303676,0.73622642,7.18089579,7.84945116,1.54130062,1.35847056,0.81067747,1.28168093,1367.78966432,1.66377942,32.40001659,4.24602788,56.20800386,16267.39857071,26055.16389274,86.08743561,0.000291299
2025-06-16,29.57682406,0.8672203,144.3852047,0.7382192,7.18532427,7.84947735,1.54305427,1.35968185,0.81216226,1.28301122,1364.51699477,1.66205684,32.50711073,4.24538766,56.39301658,16303.28362541,26096.73829969,86.18454371,0.0002903921
2025-06-17,29.49943801,0.86555651,144.88795398,0.73711856,7.180691,7.84962685,1.53311636,1.35778308,0.81417961,1.28195171,1362.44825898,1.65053344,32.47137288,4.23948055,56.49658303,16298.9883,26084.33703505,86.03763527,0.0002945873
2025-06-18,29.55014915,0.86983923,145.17555041,0.74417648,7.18572495,7.84994008,1.54198406,1.36728644,0.81652481,1.28537519,1372.84814709,1.66018096,32.61365025,4.2482951,56.78173457,16298.02756743,26083.26148011,86.34097842,0.0002960185
2025-06-19,29.63070415,0.87300138,145.15810321,0.74645156,7.19117829,7.84982728,1.54245471,1.37130591,0.82016471,1.28790487,1385.57387278,1.66767545,32.79032498,4.25801359,57.29569409,16356.67899624,26113.64018144,86.53577496,0.0002962984
2025-06-20,29.58771979,0.8685543,145.34652726,0.7418981,7.17961175,7.84979742,1.54417036,1.37004914,0.81644281,1.28517105,1372.98033908,1.66939467,32.7820241,4.25003636,57.21936575,16371.26695006,26148.4579166,86.67250276,0.0002979101
2025-06-21,29.58379244,0.86785657,145.94418362,0.74310397,7.17741101,7.8498255,1.54983758,1.37312063,0.81764991,1.286187,1372.11418185,1.67692001,32.78595368,4.25336816,57.17530893,16429.64316113,26241.6555955,86.60868899,0.0002968454
2025-06-22,29.61840384,0.86762332,146.04926499,0.743467,7.17900993,7.85000553,1.54849843,1.37306862,0.81750594,1.28696512,1373.35070414,1.6766296,32.80265793,4.25211398,57.20139312,16395.06672061,26123.99209107,86.57546696,0.0002968443
2025-06-23,29.65376047,0.86966053,146.53538465,0.74470544,7.1884953,7.84983089,1.55625841,1.37561338,0.81826932,1.2897279,1381.98090349,1.68125656,32.98617924,4.27964936,57.5881096,16459.4550327,26157.33668601,86.73481059,0.0002975595
2025-06-24,29.59957255,0.86269593,145.67630503,0.73850838,7.17458775,7.84992693,1.54296106,1.37282849,0.81294726,1.28382595,1366.7531629,1.66807005,32.75844364,4.25542655,56.97850656,16409.19038748,26171.65214735,86.27031657,0.0002986674
2025-06-25,29.4249463,0.85992822,144.63930425,0.73383428,7.17010587,7.84990262,1.53786816,1.37245546,0.80466949,1.27831853,1359.11183704,1.65927472,32.57478347,4.23406785,56.68448301,16267.02703709,26131.07134594,85.9350413,0.0002998469
2025-06-26,29.20723363,0.85561315,144.69787983,0.7303671,7.16825137,7.84848113,1.53344723,1.37104753,0.80357997,1.27608704,1359.39485747,1.65467295,32.51528536,4.22882057,56.65491543,16286.53855247,26121.75554739,86.00608091,0.0003003189
2025-06-27,29.02192102,0.85465286,144.31441029,0.72792865,7.17032978,7.84961227,1.52518196,1.36384075,0.80071595,1.2741572,1355.67930208,1.64762438,32.5234679,4.22728426,56.63991161,16210.02118687,26108.23317388,85.6267184,0.0003014896
2025-06-28,29.10345969,0.85453158,144.64879326,0.72947238,7.17140276,7.84979796,1.53174738,1.36849905,0.79857624,1.27564969,1361.92819997,1.65125024,32.49989415,4.22800236,56.57122881,16231.56234513,25980.28092254,85.5069086,0.0003054461
2025-06-29,29.12308604,0.85326729,144.6515814,0.72868951,7.17063822,7.84967902,1.53137066,1.36935041,0.79877528,1.27596353,1359.78340476,1.65117466,32.52644511,4.22854432,56.59098493,16271.211483,26094.7760314,85.509696,0.000305446
2025-06-30,29.09690375,0.85319449,144.20519721,0.72887195,7.16567907,7.84985352,1.53020842,1.36862955,0.79869833,1.27431701,1356.33017944,1.64780892,32.58332019,4.22080752,56.42764074,16204.19128562,26077.50654814,85.47941928,0.0003049219
2025-07-01,29.26065081,0.84871223,143.68446719,0.7283443,7.1606262,7.8499384,1.52417016,1.36127779,0.79270992,1.27215806,1354.14278365,1.64428759,32.4542253,4.18811117,56.20521353,16184.93295487,26139.4199175,85.66993634,0.0003015996
2025-07-02,29.24627378,0.84787959,143.66997781,0.72789383,7.16611351,7.84968338,1.52208949,1.36485474,0.79136896,1.27366312,1363.37228179,1.64065055,32.49868764,4.21401523,56.35453609,16207.14505386,26147.4603916,85.62131311,0.0003000802
2025-07-03,28.90968578,0.8471239,143.57730776,0.73275195,7.16400742,7.84991594,1.52117486,1.35850049,0.79108763,1.27295586,1357.16539413,1.64422756,32.36752473,4.22253247,56.28908366,16208.09606709,26221.96143386,85.61659036,0.0002987573
2025-07-04,28.83674358,0.85031897,144.77073206,0.73267505,7.16821618,7.84892553,1.52298957,1.35790481,0.79472502,1.27554525,1365.68743102,1.64832513,32.48777573,4.23357464,56.51090381,16218.94958036,26226.61664002,85.46640347,0.0003002936
2025-07-05,28.93766363,0.84929425,144.46480967,0.7324822,7.16533593,7.84955533,1.5254562,1.36049347,0.79437402,1.27346805,1361.81572273,1.64934821,32.3414398,4.22218243,56.54088875,16181.02290978,26203.76445402,85.47719149,0.0002996179
2025-07-06,28.94657411,0.84905687,144.47937039,0.73269403,7.16337172,7.84971665,1.52622946,1.36054528,0.79433488,1.27418428,1363.70253135,1.64934448,32.39305285,4.22122267,56.42831331,16191.2587102,26278.61729869,85.43863157,0.0002996177
2025-07-07,28.99020522,0.84937186,144.51674067,0.73341283,7.16924941,7.84984216,1.53147213,1.36136127,0.79394742,1.27523329,1367.82934508,1.65697116,32.502521,4.22879941,56.54142713,16219.83880313,26199.53890692,85.49436769,0.0003016596
2025-07-08,29.09016876,0.85176014,146.19381865,0.73385839,7.17369595,7.85001797,1.53633826,1.36603815,0.79703366,1.27850273,1369.56022346,1.66396543,32.51025463,4.24117576,56.51846746,16274.55306972,26128.29950194,85.80701902,0.0002998371
2025-07-09,29.08609395,0.85306826,146.84669505,0.73594396,7.17960042,7.84998337,1.53089554,1.36726501,0.79636398,1.28059558,1372.42427607,1.66613193,32.59790821,4.25374736,56.55618177,16250.51150583,26142.64004716,85.74605563,0.0003028409
2025-07-10,29.22905293,0.8516278,145.94946048,0.73485168,7.17674851,7.84994052,1.52786241,1.36789997,0.79285624,1.2792568,1373.70759416,1.66448454,32.58179492,4.24937885,56.42361156,16234.22246744,26133.13586293,85.69758016,0.0003009831
2025-07-11,29.24284411,0.85650904,146.89969547,0.7374894,7.17406218,7.84976919,1.51816377,1.36927164,0.79777535,1.2808338,1373.82520254,1.65803814,32.6160296,4.25430971,56.47209112,16226.65178556,26066.30517278,85.69706558,0.0003004161
2025-07-12,29.24005094,0.85527572,147.20642246,0.74065084,7.16889568,7.84979374,1.51994667,1.36921015,0.79654846,1.28037216,1378.13705164,1.66365064,32.44305339,4.25993885,56.48890338,16222.81205628,26097.32450548,85.83141584,0.0002978951
2025-07-13,29.27400318,0.85525066,146.59234928,0.73896656,7.16919536,7.84951579,1.51959893,1.36933014,0.79484203,1.28002092,1376.94171412,1.6632475,32.53045021,4.25195407,56.52463958,16219.99660238,26113.04755353,85.81453497,0.0002978953
2025-07-14,29.22864808,0.85558354,147.16462895,0.74125489,7.1700525,7.84991899,1.52368885,1.36944351,0.79654192,1.28090878,1378.38627835,1.67114797,32.4239194,4.25575134,56.57234501,16233.9381613,26118.91403164,85.82949217,0.0002979669
2025-07-15,29.32620663,0.85699168,147.74526977,0.74449054,7.17010147,7.84994,1.52693225,1.36990929,0.79758462,1.28239279,1380.66862755,1.67180485,32.47618209,4.25555496,56.76446639,16275.81614642,26152.73483121,85.99273705,0.0002985771
2025-07-16,29.3563289,0.86121987,148.90039039,0.74674176,7.17989912,7.84993167,1.53265499,1.37170302,0.80157874,1.2852603,1387.57584542,1.68041263,32.56089248,4.25173754,57.00114163,16275.63955399,26146.85003823,85.94222098,0.0003004044
2025-07-17,29.45016783,0.8602705,148.40221081,0.74649268,7.17711983,7.84992589,1.54246254,1.37128612,0.8018699,1.28542771,1390.45093187,1.68767457,32.50963869,4.24899302,56.99622958,16309.60032179,26129.08031682,85.93553405,0.0002991734
2025-07-18,29.39104979,0.86019232,148.55690039,0.74463024,7.18189371,7.84898677,1.53813279,1.37399306,0.80289892,1.2848713,1391.42446708,1.68030721,32.41185989,4.24448326,57.14665607,16301.97507355,26152.51045821,86.01319333,0.0002993604
2025-07-19,29.41051209,0.85991013,148.82044662,0.74581168,7.18129897,7.8473485,1.5365987,1.37530024,0.80250325,1.284254,1390.10685335,1.67729898,32.39033362,4.24609962,57.11932648,16323.15774833,26129.70213004,86.15460169,0.0002983422
2025-07-20,29.43554657,0.8600651,148.80486069,0.74549869,7.17725416,7.84653699,1.53657632,1.37276083,0.8023056,1.28504752,1390.40262035,1.67710377,32.41692175,4.24611647,57.01105086,16322.71117197,26145.09249616,86.14916044,0.0002983428
2025-07-21,29.42774097,0.86049941,148.47935815,0.7455729,7.17724816,7.84915126,1.53766494,1.37312431,0.80183681,1.28476646,1391.79528507,1.68206136,32.49821691,4.2397269,57.15443182,16330.4983813,26130.19387872,86.15985734,0.0002980285
2025-07-22,29.37473349,0.85543614,147.53169162,0.74175747,7.17122273,7.84980936,1.53400929,1.36883528,0.79816146,1.2814406,1384.992055,1.6779664,32.26352734,4.23259679,57.02052546,16310.25598161,26139.75911875,86.23558484,0.0002952588
2025-07-23,29.36697094,0.85184518,146.50375647,0.73935256,7.16939299,7.84987799,1.52376831,1.35977339,0.79358682,1.27865264,1378.08149988,1.66524638,32.18761065,4.22671274,56.92172211,16277.59678879,26136.22071949,86.30729715,0.0002921926
2025-07-24,29.29011461,0.84927609,146.05789496,0.73631898,7.15428797,7.84973352,1.51382265,1.36034581,0.79210643,1.2757815,1369.76089402,1.65344083,32.14870249,4.22206216,56.70133354,16276.40968508,26184.83965122,86.35459786,0.0002952302
2025-07-25,29.43980917,0.85168602,147.42969747,0.74088143,7.16028534,7.84977065,1.51892593,1.36505011,0.79664661,1.27916754,1376.2206714,1.65974486,32.29680531,4.22143698,56.84563617,16322.14246159,26137.64628488,86.46843772,0.0002969299
2025-07-26,29.48331583,0.8512676,147.64427189,0.74403751,7.16868513,7.84953894,1.52324614,1.37039136,0.79549258,1.28105793,1382.25213109,1.66210061,32.37597786,4.22442314,57.14926685,16348.82488376,26109.10458503,86.50568335,0.0002997272
2025-07-27,29.50988495,0.85131998,147.64301892,0.74299735,7.16790115,7.84935185,1.52315714,1.3697199,0.79549227,1.28084338,1383.12594081,1.66196041,32.31428563,4.2213313,57.1420174,16311.92453322,26124.75344205,86.49521245,0.0002997272
2025-07-28,29.47640176,0.85120558,147.91905498,0.74452018,7.16816363,7.84887352,1.52198224,1.37034874,0.79587349,1.28111223,1381.33667238,1.66238514,32.56244516,4.22148545,57.03647115,16346.95423332,26153.90601219,86.47095207,0.0002999783
2025-07-29,29.62814769,0.8622695,148.41070032,0.74884768,7.17603339,7.84969478,1.53273566,1.37337751,0.80283729,1.28604497,1390.89874559,1.67421551,32.4353482,4.23370576,57.21871805,16378.15168202,26211.83274972,86.73660083,0.0003012842
2025-07-30,29.67950766,0.86448659,148.04296917,0.74828214,7.17429846,7.84980003,1.53392159,1.37619803,0.80427769,1.28557644,1381.79180492,1.67531527,32.36882622,4.23222538,57.21199653,16375.20956299,26226.98804393,87.06993795,0.00030016
2025-07-31,29.91155025,0.87482089,148.8919467,0.75416895,7.19127973,7.84969296,1.5491513,1.38249328,0.81307502,1.29367688,1389.43611488,1.69157541,32.6921739,4.2526877,58.05502018,16437.63140133,26214.74769802,87.62805331,0.000303436
2025-08-01,30.02528876,0.8762473,150.8224511,0.75788905,7.20845079,7.8499774,1.55503395,1.38569503,0.81397438,1.2986822,1398.92224127,1.70074804,32.81296189,4.27993454,58.4618544,16500.60620433,26219.89498683,87.61870702,0.0003040821
2025-08-02,29.70849226,0.86341704,147.84823,0.75305872,7.21203449,7.84957501,1.54541673,1.37799236,0.80395125,1.28933731,1387.79836777,1.69028353,32.34726282,4.27691604,57.77571798,16364.61250609,26188.5961802,87.18776232,0.0002973885
2025-08-03,29.76574198,0.86269598,147.46476595,0.75351067,7.21179889,7.84928122,1.54548384,1.37950283,0.80409466,1.28959156,1387.46241493,1.69040616,32.59460996,4.27707259,57.88710961,16451.1320417,26182.50783704,87.26289841,0.0002973887
2025-08-04,29.87812318,0.86389992,147.69078303,0.75286852,7.18562099,7.84987219,1.54333415,1.37743144,0.8052169,1.28735465,1383.90009023,1.68997725,32.44985973,4.23781796,57.55154155,16385.31182617,26177.95933414,86.90068829,0.0002980916
2025-08-05,29.93481249,0.86510396,147.12799423,0.75270812,7.18144944,7.84989655,1.54761986,1.37799369,0.80903172,1.28831953,1386.33038001,1.69440498,32.37802017,4.23255546,57.34363844,16392.66796911,26179.42450658,87.96827843,0.000296099
2025-08-06,29.96017489,0.86441189,147.69815745,0.75188551,7.18948881,7.84995277,1.54281445,1.3774074,0.80778561,1.28802258,1388.88845641,1.69041237,32.39060819,4.22903793,57.73579026,16383.5211401,26237.10247648,87.83175031,0.0002963255
2025-08-07,29.82561544,0.85747876,147.48519035,0.74873408,7.17908477,7.84929792,1.53601394,1.37358112,0.8056091,1.28454886,1383.54912748,1.68289506,32.32629334,4.22445555,57.2162306,16309.0000757,26195.12530467,87.71268639,0.0002958617
2025-08-08,29.83925803,0.8574829,147.25527851,0.74387879,7.18239223,7.84982073,1.53311159,1.3741578,0.80667787,1.28372338,1386.43445717,1.67678121,32.33795832,4.23506631,57.07160281,16319.18411415,26204.88549477,87.4982431,0.0002951782
2025-08-09,29.88217295,0.85948012,147.62395942,0.74414396,7.18387996,7.85006942,1.53349371,1.37507909,0.80826049,1.28479164,1387.94453368,1.67812576,32.32019179,4.2398096,56.84764472,16263.30206841,26207.06785335,87.66870547,0.0002942606
2025-08-10,29.88132349,0.86008685,147.68279052,0.74388527,7.1837319,7.85036534,1.5329594,1.37580863,0.80923216,1.28481521,1389.42725696,1.67832401,32.31545316,4.23950283,56.85383176,16293.08313904,26215.60726445,87.66481963,0.0002942607
2025-08-11,29.88208564,0.85728354,147.60397314,0.74317545,7.18355197,7.84989305,1.53336133,1.37512425,0.80685253,1.28433392,1386.68220481,1.67942582,32.41549185,4.24122626,57.02091413,16249.35089661,26192.83620116,87.52926675,0.0002965563
2025-08-12,29.9276583,0.86061171,148.30758287,0.74450396,7.18737679,7.84990382,1.53458362,1.37766772,0.81113893,1.28645562,1389.64746857,1.68286377,32.45527307,4.23385797,57.19562481,16282.17823027,26244.63167413,87.67060207,0.0002984968
2025-08-13,29.97973407,0.85636964,148.06792712,0.74080576,7.18376398,7.84983899,1.53366179,1.3779997,0.80675088,1.28347446,1385.50825997,1.68155305,32.37934792,4.22289073,56.97693202,16257.55429545,26260.51162799,87.62698648,0.0002986298
2025-08-14,29.93184479,0.85380868,146.53295149,0.73632279,7.16910761,7.84899977,1.52333496,1.37489089,0.80492762,1.27928718,1382.81483918,1.67033142,32.27251394,4.18794651,56.73570679,16129.11634286,26264.17646522,87.44110041,0.0002969163
2025-08-15,30.04020287,0.85794484,147.29252917,0.7386035,7.18040652,7.84269599,1.53912377,1.38088673,0.80726321,1.28398985,1389.828195,1.68903393,32.43630238,4.21752829,57.14286145,16152.51875904,26259.42666831,87.66746403,0.0002994141
2025-08-16,30.03312172,0.85463737,147.00362676,0.73823833,7.18180704,7.82499669,1.53694813,1.38192762,0.80649861,1.28297926,1388.59495399,1.68844369,32.42975825,4.21338495,57.12055166,16206.90757518,26195.13311875,87.51406188,0.0002997117
2025-08-17,30.04449144,0.8543687,147.108601,0.73773863,7.18366496,7.82534735,1.53715427,1.38179531,0.80673337,1.28299745,1388.84231118,1.68837539,32.44282572,4.21335834,57.06880954,16148.47236387,26291.00294713,87.52049636,0.0002997102
2025-08-18,30.0127795,0.8545215,147.37625161,0.73762387,7.1818641,7.82725101,1.53430923,1.38045618,0.80623242,1.28250246,1384.97831635,1.68496612,32.44907465,4.22049345,57.08310347,16184.89392847,26239.12328644,87.49676884,0.0002988542
2025-08-19,30.08607597,0.85833975,147.71193827,0.74091082,7.18617876,7.80612115,1.54145505,1.38135268,0.80781297,1.28506373,1389.8953407,1.68867609,32.5336212,4.22723551,57.06286589,16220.70296072,26301.0392878,87.34586865,0.0002999635
2025-08-20,30.20723704,0.85977205,147.49129381,0.74200761,7.18604677,7.80206628,1.5509404,1.38731285,0.80862102,1.28600944,1397.88644473,1.69763819,32.59092872,4.23081964,57.35550917,16315.38746727,26315.27977181,87.09807679,0.000301552
2025-08-21,30.3870472,0.85842196,147.38534311,0.74297763,7.17128924,7.80730015,1.55457031,1.38747884,0.80489844,1.28527544,1397.92915469,1.71486039,32.55371087,4.22068541,56.9433073,16268.19942692,26397.22816222,87.02922516,0.0002990406
2025-08-22,30.64604694,0.86146796,148.5668141,0.7456379,7.18417082,7.81353033,1.55722969,1.39117541,0.80978289,1.28934934,1398.97060774,1.71929469,32.68038022,4.23107603,57.06915606,16351.63874224,26395.72017861,87.32341093,0.0002998948
2025-08-23,30.38250865,0.853187,146.97499052,0.73929983,7.16660102,7.81455915,1.54045089,1.38299212,0.80135365,1.28209454,1383.70676936,1.70416251,32.43996787,4.22750023,56.49868774,16228.02246505,26433.87255327,87.33010328,0.0002965863
2025-08-24,30.38152133,0.85311377,146.96435043,0.74079105,7.16736117,7.81486072,1.54099999,1.38322242,0.80168749,1.28169852,1384.70767935,1.70459102,32.52783393,4.22815881,56.56731051,16297.95763925,26346.88480454,87.35013327,0.000296586
2025-08-25,30.47481549,0.85500366,147.40062277,0.74119199,7.16650186,7.81169042,1.54495421,1.38431067,0.80341427,1.28358765,1387.92846995,1.7082782,32.4379528,4.20238887,56.61595464,16263.39599877,26293.53431207,87.34671646,0.0002973849
2025-08-26,30.4818895,0.85901185,147.31007726,0.74226718,7.1544682,7.80930864,1.54425539,1.38565702,0.80438045,1.28453377,1389.96075519,1.71253532,32.42386467,4.21477754,56.76591169,16269.79645481,26282.70944747,87.59169821,0.0002961601
2025-08-27,30.55708547,0.85949297,147.63171601,0.74228493,7.14656959,7.78350261,1.53836388,1.38315,0.80432375,1.28596859,1395.09112603,1.70820233,32.49449023,4.21957441,57.0125187,16321.00763709,26366.31860049,87.68660805,0.0002953104
2025-08-28,30.54693652,0.85878932,147.36233801,0.7405292,7.15354708,7.78859955,1.5354878,1.3779748,0.8017061,1.28521813,1390.52468033,1.70751482,32.41758666,4.22997461,57.11768175,16343.86230028,26364.15109566,87.6656302,0.000295336
2025-08-29,30.57326523,0.8576714,147.0405145,0.74079088,7.12784518,7.786053,1.52948234,1.37502777,0.80288306,1.28300986,1387.21132225,1.69800202,32.28505174,4.21094475,56.94749016,16342.42543013,26355.55632485,87.57707298,0.0002932677
2025-08-30,30.57852787,0.85577368,147.02311721,0.74005816,7.13079461,7.79597523,1.52929523,1.37497053,0.80032628,1.28389931,1388.5013477,1.6974861,32.31647232,4.22479557,57.08275278,16421.28607418,26384.77931488,88.1674878,0.0002900275
2025-08-31,30.5902613,0.85587417,147.03170729,0.74045942,7.13156221,7.79709021,1.52934301,1.37467919,0.80055796,1.28393123,1388.29810482,1.69730546,32.31457057,4.22386484,57.12379383,16413.83694744,26352.41328298,88.18228279,0.0002900274
2025-09-01,30.6048954,0.85460102,147.19643574,0.73970156,7.12998411,7.79530382,1.52821836,1.37365905,0.80042319,1.28358174,1392.48940128,1.6924377,32.31523144,4.22491742,57.29256712,16469.35089629,26415.45271413,88.17110418,0.0002886016
2025-09-02,30.64720291,0.85447256,147.5234373,0.73874492,7.13851914,7.79923165,1.52733178,1.37507915,0.80135974,1.28466091,1391.98939316,1.69637883,32.27547833,4.22742691,57.2183456,16433.85254641,26344.4271676,88.0940849,0.0002863221
2025-09-03,30.75053315,0.85971142,148.8077428,0.74784919,7.13889109,7.81121234,1.53292073,1.37873532,0.80548556,1.28907553,1392.85133486,1.70700351,32.36632563,4.23119034,57.48321399,16440.54964708,26317.59288499,88.0610764,0.0002826994
2025-09-04,30.66260736,0.85748206,147.97356982,0.74398418,7.14018823,7.7978041,1.5287393,1.37997732,0.8038697,1.28816527,1390.98710699,1.69986913,32.28356961,4.22244976,57.26034737,16450.75287398,26473.48383954,88.08375146,0.0002818504
2025-09-05,30.65088638,0.85727764,148.21028607,0.74352677,7.13783739,7.80001866,1.53195001,1.38096762,0.80491085,1.28859089,1392.92832497,1.70671282,32.26293358,4.22530268,56.95208221,16447.48439618,26386.23055392,88.07274392,0.0002815047
2025-09-06,30.51064428,0.85356653,147.40074202,0.74044278,7.13350603,7.79654131,1.52414896,1.3834779,0.79818062,1.28520025,1386.19114897,1.6969372,32.07849174,4.22480089,56.66598103,16383.30373144,26383.98859168,88.19170843,0.0002788104
2025-09-07,30.50591857,0.85335531,147.38929124,0.74090441,7.135934,7.79650391,1.52559526,1.38347653,0.79828246,1.28520515,1386.87771231,1.69697127,32.14840913,4.22683153,56.69094754,16413.21808905,26392.85677329,88.21966839,0.0002788108
2025-09-08,30.50474183,0.85401849,148.20896009,0.740843,7.13499813,7.79772207,1.52406713,1.38366685,0.79852388,1.28525091,1388.79361695,1.69663775,32.10195216,4.21967274,56.79143813,16382.40350978,26403.20787815,88.117299,0.0002786459
2025-09-09,30.35648781,0.84937991,147.29506323,0.73739715,7.12512128,7.79277699,1.51659138,1.38081833,0.79242444,1.28174395,1385.78962416,1.68336792,31.62608607,4.20931534,56.75796678,16502.04853762,26410.54981353,88.01309041,0.000274198
2025-09-10,30.35834258,0.85487361,147.40182678,0.73943313,7.12926824,7.78879598,1.51814826,1.38544537,0.79810103,1.28348648,1388.037998,1.68783739,31.79666798,4.21438592,57.16022342,16455.5457255,26405.95164889,88.20158401,0.0002756922
2025-09-11,30.26957398,0.85484741,147.38275796,0.73907659,7.12121507,7.79021588,1.51105252,1.38658761,0.79882071,1.28238999,1387.66439398,1.68213497,31.78193898,4.2193019,57.10677893,16454.65594834,26384.73479797,88.11126123,0.0002745951
2025-09-12,30.26397452,0.85263425,147.37797223,0.73742624,7.12102712,7.78744865,1.50093778,1.38442416,0.79635294,1.28232127,1388.96492703,1.67396362,31.70280755,4.20981731,57.11497738,16432.64364076,26401.98245555,88.34214583,0.0002742574
2025-09-13,30.30043511,0.85300073,147.66601994,0.73768916,7.12434715,7.78069434,1.50426918,1.38455009,0.79655067,1.28349906,1392.84934705,1.67870159,31.65441109,4.20499976,57.15781739,16412.47486493,26455.3977365,88.27653774,0.0002744886
2025-09-14,30.31150881,0.85218263,147.69518703,0.73754802,7.12379193,7.77835324,1.50424848,1.384856,0.79666504,1.28366667,1391.79250631,1.679119,31.7051132,4.2059082,57.13995737,16422.53407368,26380.82850598,88.28012215,0.0002744895
2025-09-15,30.30898872,0.85259194,147.5783362,0.73750551,7.12327477,7.77717508,1.50248608,1.38430178,0.79658762,1.28206021,1389.9135425,1.67778863,31.78729939,4.20543838,57.276732,16407.50701372,26398.43186748,88.26710751,0.0002751479
2025-09-16,30.09231434,0.84977462,147.2942269,0.73500608,7.11723536,7.77875125,1.49902033,1.3773459,0.79437247,1.28005783,1382.55814451,1.67720293,31.80193716,4.20601553,57.1096272,16385.76183318,26399.71668305,88.12307792,0.0002718307
2025-09-17,30.02589551,0.8435286,146.56776006,0.73306683,7.10908526,7.77907651,1.49793629,1.37495924,0.7869916,1.27638919,1381.6782273,1.67320951,31.75090482,4.19242127,56.86300445,16416.25067971,26369.47866718,87.94766115,0.0002717747
2025-09-18,30.12312579,0.84665477,147.10154423,0.73456627,7.11114659,7.77790842,1.50646217,1.37826263,0.78939554,1.27944791,1383.8254442,1.69017909,31.83913916,4.19440006,57.07702232,16454.50976803,26357.75669471,87.89894568,0.000273636
2025-09-19,30.15734941,0.84909062,148.07828317,0.73863528,7.11701273,7.77908285,1.51441767,1.38018262,0.7932892,1.28326737,1394.14990852,1.70154698,31.92732624,4.20531644,57.20726793,16569.6383415,26387.7652026,88.23187032,0.0002750519
2025-09-20,30.23955221,0.85159403,147.96595498,0.74309118,7.11535515,7.77469438,1.51661621,1.37909428,0.79533165,1.28382646,1397.19389466,1.70706881,31.83483587,4.20597731,56.96543789,16629.81062262,26361.12148399,88.09739783,0.0002713659
2025-09-21,30.25224781,0.85136417,147.92361699,0.74170593,7.11511903,7.77503138,1.51660932,1.37809146,0.7952414,1.28374069,1396.52348019,1.70720528,31.85761105,4.20641892,57.01466508,16579.21645292,26381.8878475,88.09140228,0.0002713669
2025-09-22,30.30784387,0.85227452,148.17923854,0.74250237,7.11544527,7.7708576,1.51796178,1.37962479,0.79653918,1.28539894,1393.07277399,1.70874165,31.85841935,4.20996348,57.16397069,16626.91501584,26405.65262043,88.22349078,0.000271123
2025-09-23,30.20245158,0.84616756,147.61715145,0.73932592,7.11167746,7.77251265,1.51630083,1.38250199,0.79113427,1.2815948,1393.24961072,1.70524429,31.77514825,4.19821096,56.97607008,16582.50405992,26407.39831112,88.31132301,0.0002661781
2025-09-24,30.30399097,0.8473857,147.76814009,0.74008436,7.11428877,7.77512012,1.51312929,1.38425992,0.79214445,1.2841074,1393.85269019,1.70694336,31.91348709,4.20017007,57.46525503,16671.41531677,26412.39212516,88.77293202,0.0002660861
2025-09-25,30.42450273,0.85162389,148.82395423,0.74345649,7.12965356,7.77925278,1.51856956,1.38942774,0.79509443,1.28797286,1400.97985914,1.72151941,32.12957816,4.21679545,57.80281646,16711.55021127,26412.04572459,88.73754979,0.0002673712
2025-09-26,30.5482089,0.85702599,149.81860467,0.74951904,7.13466007,7.78403075,1.53013495,1.39424619,0.79997808,1.29370017,1410.30104258,1.73513358,32.23372224,4.22344867,58.38054515,16776.21440792,26402.45909168,88.77448029,0.000267297
2025-09-27,30.46081063,0.85446196,149.50469214,0.7469246,7.13396252,7.77948845,1.5274856,1.3957805,0.79793704,1.2918336,1409.66498758,1.73140716,32.29050583,4.22238931,58.07388001,16689.64478643,26515.29524513,88.67030082,0.0002657661
2025-09-28,30.45978208,0.854492,149.54847353,0.74653405,7.1339819,7.77857924,1.52800672,1.39391465,0.79789609,1.29169149,1408.65651011,1.73195683,32.23867793,4.22167637,58.10621034,16706.6835223,26407.2525973,88.67500109,0.0002657661
2025-09-29,30.39825732,0.85308748,149.08977626,0.74479756,7.12382303,7.78068972,1.52578606,1.39281662,0.79648923,1.29020236,1402.94082787,1.73107395,32.34740983,4.21565567,57.99549328,16633.80393184,26424.00665283,88.65390114,0.0002649338
2025-09-30,30.50234406,0.8531588,148.67202541,0.74467551,7.12363477,7.78359098,1.5188119,1.39196481,0.79756147,1.29060104,1402.41039882,1.72875325,32.27008504,4.21425666,58.05692482,16670.60909482,26416.10478001,88.75589278,0.0002599087
2025-10-01,30.45868279,0.85182216,147.96460543,0.74394029,7.11937214,7.78205529,1.51481188,1.39238635,0.796266,1.29045016,1406.29980829,1.72661613,32.44663657,4.20711313,58.25961054,16670.01449276,26428.64716929,88.8277725,0.0002584663
2025-10-02,30.40332969,0.85194701,147.03932414,0.74170207,7.1203214,7.7812435,1.51121637,1.39377829,0.79636213,1.2876751,1400.85911054,1.71546836,32.42172667,4.20432488,58.10139994,16635.78179507,26391.42250528,88.68051629,0.0002588384
2025-10-03,30.45586816,0.8530109,147.608844,0.74406329,7.11909,7.78301747,1.51535791,1.39642446,0.79759284,1.28951171,1408.84115878,1.71841181,32.45494142,4.21367013,58.07003798,16614.43769349,26380.47827925,88.72823506,0.0002592571
2025-10-04,30.40013071,0.85174968,147.44694276,0.74177867,7.11950307,7.78038615,1.51459562,1.39561529,0.79558766,1.28923996,1407.28137972,1.71468826,32.32198986,4.20880004,57.89945122,16559.92462096,26476.40741762,88.73863729,0.000257366
2025-10-05,30.410133,0.8518318,147.50395051,0.74221402,7.1202715,7.77975427,1.51474724,1.39621852,0.79562632,1.28930006,1406.71222501,1.71470162,32.37124413,4.20918106,57.89148717,16576.87889672,26382.45382522,88.7599896,0.0002573664
2025-10-06,30.48426886,0.85301266,149.80533174,0.74354648,7.11944397,7.78146368,1.51411391,1.39530484,0.79612445,1.29133738,1410.89173624,1.7146136,32.43167428,4.21412393,58.07023132,16561.37451935,26377.51870267,88.83158119,0.0002555633
2025-10-07,30.45206573,0.85477669,150.4671356,0.74210515,7.11956386,7.78305508,1.51215036,1.39520029,0.79555818,1.2918374,1412.73858154,1.71479818,32.53819729,4.21505965,58.27438822,16590.42019868,26361.78644027,88.73810926,0.0002526383
2025-10-08,30.5833674,0.86006798,152.42243584,0.74624614,7.11963927,7.78359667,1.52390806,1.39640873,0.80001097,1.29533996,1420.44055214,1.74010724,32.51946835,4.22288962,58.16285476,16605.84696689,26356.19506711,88.7679796,0.0002503053
2025-10-09,30.51019127,0.85913934,152.49638359,0.74573487,7.12892121,7.78050202,1.51628821,1.39427608,0.80068321,1.29456521,1418.84947505,1.72496169,32.56376613,4.21471147,57.83809286,16554.56731628,26354.14455561,88.74172566,0.000248515
2025-10-10,30.57598494,0.86447651,152.95538005,0.75174483,7.12685828,7.78089162,1.52298302,1.40169331,0.80638794,1.29863942,1421.15361078,1.73799531,32.73135438,4.22236967,58.2498453,16577.78660003,26348.69465399,88.8017033,0.0002512711
2025-10-11,30.71854412,0.86178961,151.20467428,0.74905032,7.12879,7.78230167,1.54405169,1.4008134,0.80324576,1.29715904,1430.42461938,1.7479401,32.59251422,4.22362098,58.3393147,16609.85502253,26260.43982742,88.75457595,0.0002488611
2025-10-12,30.71616487,0.86080836,151.16752595,0.74886412,7.13181338,7.78263219,1.54439179,1.40121096,0.79978359,1.2971327,1430.1519616,1.74740716,32.68706805,4.22361429,58.2803946,16573.20501071,26345.50572964,88.82741161,0.0002488601
2025-10-13,30.62538111,0.86056067,151.9615874,0.74879549,7.12860504,7.7808884,1.53163319,1.39863443,0.80146836,1.29647707,1427.9151407,1.74148429,32.71505293,4.22368994,58.16803338,16590.78293077,26338.68782692,88.67679645,0.0002468264
2025-10-14,30.68950515,0.8641882,152.45126478,0.74943947,7.13287446,7.77686141,1.5360633,1.40365672,0.80419951,1.29843366,1426.35792081,1.74781893,32.57954479,4.22653101,58.21894871,16562.33719532,26297.12489414,88.64863332,0.0002418159
2025-10-15,30.70624517,0.86063227,151.34409261,0.74973562,7.12840146,7.77489808,1.53835676,1.40387417,0.80056843,1.29689319,1427.44100914,1.74866391,32.57616533,4.22475738,58.07418739,16590.24938661,26351.62803788,88.74939082,0.0002392316
2025-10-16,30.58110875,0.85661937,150.54750031,0.74400165,7.12022304,7.77358589,1.5382868,1.4023478,0.7937379,1.29310258,1417.89067269,1.73804792,32.43157019,4.22568893,58.07054441,16572.12251108,26354.66316698,87.6574441,0.0002364748
2025-10-17,30.68394971,0.85453389,150.27532912,0.74415509,7.12375,7.76812758,1.54520525,1.40471457,0.79139171,1.29337111,1420.47327546,1.7476241,32.58983519,4.22474503,58.14308898,16593.76520783,26337.15918175,88.0022349,0.0002309055
2025-10-18,30.6365237,0.85786081,150.60774433,0.74488482,7.12680513,7.76800228,1.53976994,1.40155426,0.79353628,1.29530107,1421.90973474,1.7479109,32.70748704,4.22743958,58.11440237,16567.46715464,26376.59899687,88.0449161,0.0002352952
2025-10-19,30.64578262,0.85780873,150.67451094,0.74471804,7.12672381,7.77049805,1.53845601,1.40237288,0.79327445,1.29526181,1422.00284943,1.74659278,32.72702278,4.22644438,58.12832403,16574.68224306,26355.84569971,88.02469905,0.0002352958
2025-10-20,30.6496611,0.85757558,150.96244184,0.74442045,7.12586478,7.76761339,1.53714152,1.40131874,0.79329566,1.29492981,1422.66087941,1.7435905,32.79733958,4.22619607,58.13884466,16570.17830313,26343.06645138,87.97926184,0.0002345704
2025-10-21,30.60088998,0.85875415,150.9508397,0.74613842,7.11852015,7.76764484,1.53514237,1.40384811,0.79249896,1.29361137,1421.33064247,1.74159664,32.59289752,4.22440575,58.15597324,16572.45326647,26341.66315443,87.92891122,0.0002300243
2025-10-22,30.7230508,0.86172298,151.74631054,0.74791017,7.12340682,7.77233098,1.54110205,1.40092073,0.79593576,1.29807908,1431.516135,1.74177611,32.80059743,4.22919988,58.28650964,16591.65497076,26377.78227608,87.87182029,0.00024442
2025-10-23,30.79813954,0.8619072,152.35454448,0.74942408,7.12439201,7.77054587,1.54095993,1.39938866,0.79677104,1.29916457,1435.45317919,1.74285252,32.83330592,4.2311597,58.58764932,16619.62539028,26367.79016694,87.79449559,0.0002450206
2025-10-24,30.80052369,0.86124625,152.8421959,0.7504979,7.12349379,7.77312065,1.53581632,1.3992227,0.79560586,1.29889773,1435.30748384,1.73877004,32.7815069,4.22510802,58.64481588,16609.1249316,26348.02413158,87.8197264,0.0002425407
2025-10-25,30.84846394,0.86025228,152.86934388,0.75115505,7.1220992,7.76975217,1.53540881,1.39926217,0.79552637,1.29885091,1439.16105081,1.73939942,32.67497214,4.22323468,58.76706288,16612.68303391,26440.06116571,87.81804552,0.0002431719
2025-10-26,30.84676643,0.86020205,152.80221767,0.75138042,7.1219739,7.76963903,1.53576583,1.40007598,0.79548657,1.29887522,1437.68715447,1.73964391,32.73198148,4.22330606,58.65680272,16619.31594966,26347.94218965,87.85350295,0.0002431722
2025-10-27,30.75864185,0.85928249,152.89035049,0.75040311,7.11065417,7.76794248,1.53025516,1.39867887,0.79542063,1.29721771,1431.1623837,1.73599876,32.66841934,4.21967605,58.59837301,16600.48072886,26310.52424455,87.79748028,0.0002452002
2025-10-28,30.65942357,0.85781637,152.4255991,0.74900323,7.10543347,7.76756343,1.52491998,1.39889408,0.79417845,1.29599276,1435.28566164,1.73142072,32.63898872,4.2049837,59.15587326,16554.45979687,26328.44465685,88.20940226,0.0002492753
2025-10-29,30.565443,0.85851584,151.8711559,0.75388061,7.10032281,7.76900098,1.51593882,1.39341092,0.79338365,1.29439727,1433.32143347,1.73095351,32.34494821,4.19029605,59.12829611,16600.59025376,26342.90167748,88.22605397,0.0002516368
2025-10-30,30.6710721,0.86099689,152.53367336,0.75717671,7.09700056,7.76988602,1.51867125,1.39371858,0.79927279,1.29676348,1422.99678776,1.73226209,32.4196754,4.19718883,58.6453305,16579.22819164,26392.15824834,88.36367979,0.0002532842
2025-10-31,30.74041767,0.86423097,153.79147786,0.76005312,7.11075308,7.76834794,1.52609936,1.39847653,0.80157513,1.29933595,1428.86849517,1.7435934,32.31562345,4.19313289,58.82735109,16596.04554902,26335.54220411,88.59073098,0.0002489961
2025-11-01,30.78745369,0.86651487,153.9914981,0.76017498,7.11799314,7.77055366,1.52850077,1.40289285,0.8052902,1.30089978,1428.25511432,1.74685287,32.33457561,4.1934007,58.69100821,16639.52520018,26306.84379606,88.81459681,0.0002498587
2025-11-02,30.80041655,0.86301718,154.03283329,0.76042594,7.11343999,7.77323949,1.5286959,1.40325932,0.80529105,1.29997033,1427.89066343,1.74874827,32.35894002,4.19018095,58.75050806,16634.58531824,26311.46085436,88.85265902,0.0002498593
2025-11-03,30.78980806,0.86753095,154.12524006,0.76136709,7.11742851,7.7719402,1.52861002,1.40212892,0.80500933,1.30219485,1431.52227545,1.75000214,32.45327178,4.19760931,58.73777812,16634.76938606,26308.9467696,88.78683605,0.0002502045
2025-11-04,30.9166584,0.86885163,154.34240709,0.76191967,7.12392039,7.77398265,1.53050808,1.40662378,0.80943284,1.30580429,1438.40250862,1.7566629,32.53554954,4.20438118,58.74247624,16679.5760285,26309.70359944,88.7528372,0.0002506921
2025-11-05,30.9830198,0.87009993,153.12700917,0.7678784,7.13063854,7.77473867,1.54583921,1.41116804,0.80837956,1.30784382,1448.43380086,1.77378617,32.57359064,4.20056818,58.69112267,16725.52127973,26313.66592514,88.7277677,0.000253979
2025-11-06,30.92144463,0.86893326,153.87636106,0.76542111,7.12332892,7.77467724,1.53589727,1.41037995,0.80895267,1.30571541,1445.19551942,1.76525935,32.45722822,4.18483818,58.83647096,16689.83387729,26319.44940602,88.61303673,0.0002515268
2025-11-07,30.99997575,0.8666907,153.15862869,0.76189629,7.12068656,7.77472823,1.54395455,1.4124151,0.80702314,1.30478064,1454.37830552,1.77647119,32.4032427,4.17399414,59.08412585,16705.13175735,26319.66607443,88.64414818,0.0002498636
2025-11-08,30.98260388,0.86435572,153.43784403,0.75965328,7.12270285,7.77705958,1.54103741,1.40401561,0.80528822,1.30134885,1456.13827601,1.77743065,32.32949548,4.17609863,58.79990814,16680.8676675,26198.96739798,88.63901563,0.0002500041
2025-11-09,30.98777423,0.8643738,153.4262504,0.76013415,7.12207795,7.77751694,1.54063552,1.40463874,0.80525296,1.3011222,1455.74194031,1.77714163,32.39211837,4.17661066,58.9520138,16688.36742951,26323.87914476,88.65058671,0.0002500044
2025-11-10,31.01450243,0.86519935,153.82961528,0.76043067,7.11953007,7.77599019,1.53443959,1.40310867,0.80645759,1.30263031,1453.31156191,1.77655799,32.42427097,4.17096396,59.01176361,16677.68709664,26308.71222902,88.67175344,0.0002473302
2025-11-11,30.9954756,0.86550674,154.3556385,0.75974296,7.12145603,7.77376218,1.53133123,1.40314057,0.80537519,1.30327521,1463.69993663,1.77343259,32.38845272,4.16026709,58.88788876,16691.47936958,26259.53058589,88.67429697,0.0002419872
2025-11-12,31.04407631,0.86382115,154.31446648,0.76102968,7.11855097,7.77031926,1.53294634,1.4017841,0.80089335,1.30273888,1466.45989616,1.76783381,32.44049583,4.12380315,58.96252573,16704.0386634,26367.21548275,88.5884957,0.0002419853
2025-11-13,31.09504357,0.86287014,154.7480061,0.76203273,7.11157524,7.77059921,1.52515698,1.40111591,0.7981655,1.30203762,1470.13390702,1.76790338,32.39032454,4.13356302,59.15100147,16732.04499015,26342.13984445,88.6261261,0.0002385022
2025-11-14,31.13589477,0.85946884,154.49888623,0.76049519,7.09268582,7.77082445,1.52864036,1.40207495,0.79309797,1.30030141,1458.11499474,1.76168367,32.32453344,4.12960721,58.88076432,16716.45886758,26353.24726523,88.78560603,0.0002384975
2025-11-15,30.57583541,0.86076612,154.53687741,0.75891679,7.09900215,7.77235937,1.52865017,1.40230011,0.79483404,1.29849655,1449.16023688,1.7602447,32.41833955,4.13297734,59.05523752,16707.07091037,26310.98917275,88.68566307,0.0002450713
2025-11-16,30.68587622,0.86057873,154.50689595,0.75846913,7.09897032,7.77199055,1.52928588,1.40252663,0.79409917,1.29847653,1448.33387858,1.76018494,32.3885915,4.13267044,59.05129773,16720.63996606,26344.14672998,88.73399568,0.0002450708
2025-11-17,31.07750744,0.8615475,154.59372559,0.76004683,7.10568365,7.773234,1.53368686,1.40311601,0.79450813,1.30027315,1458.14744769,1.76549186,32.4818149,4.13757157,59.12474974,16701.39212873,26342.28584813,88.69067552,0.0002443314
2025-11-18,31.20674131,0.8627114,155.20429235,0.76024789,7.1072417,7.77488542,1.5408309,1.40503655,0.7961044,1.30307791,1466.07698152,1.76793394,32.47680524,4.16614846,58.92928863,16740.21821415,26328.57712471,88.60746015,0.0002485254
2025-11-19,31.19451559,0.86377368,155.49568356,0.76135282,7.11207707,7.79046634,1.54040757,1.39969204,0.80041707,1.30280559,1465.6122187,1.77350528,32.39912659,4.15228477,58.91339798,16742.23995995,26381.39749276,88.57509861,0.0002462795
2025-11-20,31.23599174,0.8676947,157.38977985,0.76642131,7.11561546,7.78610854,1.54284978,1.40545323,0.80610824,1.30727577,1468.91308819,1.78398529,32.47602773,4.15885516,59.06257234,16716.77048572,26361.43054268,88.50367776,0.000244458
2025-11-21,31.33686668,0.86685999,157.44079561,0.76422325,7.11263103,7.78557732,1.54910149,1.40869538,0.80533067,1.30716046,1471.63418278,1.78722667,32.41127593,4.14843193,59.05121388,16735.10405253,26348.07884103,88.70088703,0.0002454972
2025-11-22,31.35444476,0.86849656,156.3982279,0.76422889,7.09095327,7.78351531,1.54954811,1.41018747,0.80839919,1.30673791,1469.69916632,1.78160154,32.38837746,4.16800055,58.79292906,16666.43618978,26262.35755237,89.61793801,0.0002459491
2025-11-23,31.36732298,0.86846185,156.38275822,0.76342269,7.10275012,7.78499172,1.54910253,1.41006482,0.80836405,1.30582213,1469.59427982,1.7815286,32.40999092,4.15489144,58.77877895,16719.8922057,26402.88204185,89.62895636,0.0002459484
2025-11-24,31.42749136,0.86870078,156.72974146,0.76391849,7.10845064,7.78236598,1.54949057,1.41001047,0.80877716,1.30788319,1473.48470526,1.78362867,32.49995208,4.14383972,58.90907051,16707.23867511,26327.99031412,89.63136434,0.0002471229
2025-11-25,31.43160617,0.8675346,156.68780645,0.7628464,7.09920249,7.77874373,1.547133,1.41085838,0.80824954,1.30426852,1473.18456934,1.78116301,32.36171754,4.12929164,58.8696922,16661.27498429,26370.16323926,89.11233995,0.0002418067
2025-11-26,31.36978864,0.86352219,155.89762622,0.75862248,7.08390503,7.77730421,1.54036653,1.40837053,0.8068756,1.30092597,1460.87248055,1.76319047,32.25825518,4.12937723,58.83280038,16639.47478798,26361.98052336,89.18775949,0.0002409747
2025-11-27,31.28999113,0.86122446,156.0620642,0.75431101,7.07807965,7.77775426,1.53130615,1.40350597,0.80297227,1.29550062,1466.00791405,1.74894991,32.21206612,4.13034361,58.80227771,16625.76051238,26391.02041304,89.16670867,0.0002409166
2025-11-28,31.34314475,0.8632381,156.39557572,0.75575315,7.08100114,7.7806756,1.53019588,1.40333572,0.8054127,1.29714936,1465.08882954,1.74677321,32.21109371,4.12766045,58.7773108,16637.17166198,26372.85404753,89.3748952,0.0002385831
2025-11-29,31.39249244,0.86259194,156.18398,0.75534171,7.07519739,7.78476009,1.52660637,1.39780192,0.80499803,1.29675265,1467.63445146,1.74568803,32.0159314,4.13199544,58.63258359,16652.90182136,26283.13417054,89.34994147,0.0002371722
2025-11-30,31.41315381,0.86232313,156.16973114,0.75520386,7.07663762,7.78531402,1.52932142,1.39794323,0.803599,1.29651662,1467.32187782,1.74384704,32.16344252,4.1335821,58.62984773,16643.69783532,26370.83939743,89.36546984,0.0002371722
2025-12-01,31.41864826,0.86229961,155.57725258,0.75601488,7.07510733,7.78733498,1.52798518,1.39797596,0.80390173,1.29572264,1468.65411009,1.74468825,32.1155683,4.1311617,58.61962774,16662.78084253,26350.33456151,89.34558452,0.0002355978
2025-12-02,31.43482089,0.86137701,155.63932509,0.75687762,7.07496089,7.79051294,1.52784636,1.40010868,0.80448517,1.29644659,1469.6308458,1.74634208,32.01505545,4.13217292,58.3524392,16621.10451862,26361.11691778,89.60930044,0.0002369408
2025-12-03,31.40386393,0.8593252,155.65885526,0.75603023,7.06672535,7.78282922,1.52090436,1.39655903,0.80205661,1.29589649,1470.65082519,1.74029845,31.95254772,4.1283272,58.67818449,16620.76590147,26377.54895539,89.91188421,0.0002372176
2025-12-04,31.31734509,0.85739177,155.2729586,0.74962241,7.07077121,7.78185979,1.51358575,1.39612388,0.80011866,1.29519766,1470.62699077,1.7336759,31.92225756,4.12236816,59.1538392,16614.64088776,26371.12192421,90.20429081,0.0002376499
2025-12-05,31.34038717,0.85808917,155.03043687,0.75000704,7.07010708,7.78364657,1.51195601,1.39511967,0.80320107,1.29538496,1470.59937115,1.73355447,31.99860998,4.11812051,59.06996241,16653.34364885,26388.86992138,89.86077023,0.0002378726
2025-12-06,31.28832323,0.85879922,155.31187953,0.75018483,7.07078603,7.7848497,1.50660181,1.38167338,0.80429157,1.29555042,1473.42591062,1.73114154,31.86499308,4.11040433,58.97930923,16684.69253487,26362.7703737,89.95832291,0.0002382448
2025-12-07,31.29321557,0.85890794,155.34689639,0.74942854,7.07058546,7.78484906,1.50657303,1.38227136,0.80397967,1.29571415,1470.7059489,1.73182192,31.91318736,4.11226878,58.97008594,16655.55083251,26371.45781803,90.0809332,0.0002382445
2025-12-08,31.2238178,0.85820326,154.92272656,0.74974157,7.06905152,7.78228721,1.50509885,1.38236103,0.80357661,1.29521107,1469.45061,1.72739992,31.90931306,4.11158307,58.97314155,16679.86743991,26353.9813812,89.9250752,0.0002380207
2025-12-09,31.17876735,0.85858246,155.80941195,0.7500415,7.07102502,7.77969641,1.50923819,1.3849306,0.80627309,1.29753216,1469.68327044,1.73156936,31.86881692,4.12054562,59.12011525,16690.9551156,26296.76103781,90.12011747,0.0002383353
2025-12-11,31.2562858,0.85566587,156.0035131,0.74822059,7.06136383,7.77943178,1.50765185,1.38182635,0.79983436,1.29494379,1472.89565901,1.72587306,31.75881777,4.10765512,59.08779332,16685.03293007,26337.41063111,90.29978981,0.0002373969
2025-12-12,31.22726151,0.8523093,155.68045043,0.7467403,7.05653566,7.78291945,1.50031211,1.37750759,0.79466207,1.29159328,1472.02780276,1.72082856,31.65475667,4.10493064,59.12866854,16666.04301758,26318.56177484,90.27087519,0.0002340852
2025-12-13,31.33887976,0.85201845,155.82288039,0.74777378,7.05471894,7.78434728,1.50338538,1.37744503,0.79427208,1.29180685,1474.68957384,1.72335566,31.508888,4.09748684,59.11732595,16629.19562939,26312.80157377,90.55277536,0.0002324274
2025-12-14,31.35839626,0.85152446,155.78386082,0.74687066,7.05519709,7.78434871,1.503336,1.377709,0.79626707,1.29184919,1474.12086828,1.72348466,31.61562408,4.09710147,59.0714021,16653.42160873,26317.11076653,90.60014626,0.0002324271
2025-12-15,31.32287013,0.85178621,155.61458675,0.74802547,7.05375395,7.78322129,1.50371792,1.37637904,0.79597211,1.29149729,1476.70333945,1.72790656,31.53787774,4.08792332,59.12586983,16658.21150334,26304.74431936,90.49719484,0.0002311604
2025-12-16,31.44153179,0.85095272,154.89844809,0.74814042,7.04385075,7.7775132,1.50946723,1.37777723,0.79578514,1.28979494,1470.84340046,1.73433059,31.51084388,4.09092279,58.96765754,16671.04697906,26326.76509121,90.82514531,0.0002319683
2025-12-17,31.51052492,0.85126375,154.67831011,0.74489487,7.04209942,7.77724373,1.50766096,1.37592858,0.79521313,1.28965927,1476.68396965,1.72764128,31.41039703,4.08319403,58.71057118,16652.45603727,26350.16804118,90.95207681,0.0002311395
2025-12-18,31.5709662,0.8518795,155.77989114,0.74817501,7.04345401,7.78101462,1.5150436,1.37859676,0.79555969,1.29175764,1474.90422339,1.73456577,31.48493806,4.09153377,58.66663613,16689.58429063,26331.21766416,90.4042078,0.0002308489
2025-12-19,31.50933314,0.85272262,155.72262504,0.74710939,7.04077279,7.78198081,1.51177898,1.37774132,0.79452346,1.29036748,1477.71401377,1.73171828,31.42737321,4.08425822,58.55170182,16712.457709,26326.76859614,90.23736055,0.0002311046
2025-12-20,31.51841581,0.85370089,157.76377075,0.74760349,7.04100825,7.78135197,1.51219221,1.37959455,0.79457356,1.29290072,1475.57503898,1.73745233,31.46644575,4.07809824,58.57102784,16691.98204123,26345.11165573,89.57802591,0.0002304925
2025-12-21,31.53277956,0.85377665,157.75340086,0.74724567,7.04107175,7.78158251,1.51204438,1.37979688,0.79551249,1.29305561,1475.42276484,1.73731789,31.42256976,4.07682233,58.68411165,16715.82166997,26341.81040555,89.58268943,0.0002304924
2025-12-22,31.51214969,0.85335747,157.30488111,0.74639583,7.0407422,7.78122428,1.51013646,1.37964263,0.79481237,1.2926362,1477.19167994,1.73397288,31.37287077,4.07845451,58.6397461,16748.82959439,26309.30469845,89.56504697,0.0002283086
2025-12-23,31.49855275,0.84925139,156.38044585,0.74186686,7.03564359,7.77740951,1.5001772,1.37383915,0.79042259,1.28723622,1483.4035782,1.72092261,31.11165971,4.07017432,58.74383324,16764.03333101,26338.40748159,89.6641458,0.000223019
2025-12-24,31.4461386,0.84701092,155.60352824,0.73905313,7.0278957,7.7755353,1.48989258,1.36763557,0.78638711,1.28220813,1463.98864587,1.70967355,31.07163796,4.05892644,58.77037901,16761.85687169,26327.81317932,89.55610327,0.0002213872
2025-12-25,31.44119118,0.84905362,155.82709022,0.73992334,7.01030863,7.77517942,1.49143015,1.3672206,0.78796894,1.28406003,1446.5747266,1.71214415,31.10458869,4.04586758,58.79685674,16739.54708873,26309.80951026,89.81800095,0.0002232128
2025-12-26,31.44183088,0.8483855,156.27875126,0.74006262,7.00775032,7.7751748,1.49000109,1.36749286,0.78807431,1.28414754,1440.8248143,1.71345471,31.09020799,4.0342653,58.81283954,16747.06836228,26284.45330296,90.01283955,0.0002222301
2025-12-27,31.39955819,0.84925023,156.57437201,0.74115077,7.00678858,7.77145243,1.49030255,1.36740989,0.78936537,1.284399,1445.52659541,1.71410178,31.04329825,4.04650193,58.72052023,16771.88650474,26383.41306397,89.85743063,0.0002206229
2025-12-28,31.40256484,0.84932376,156.56327583,0.74098773,7.0074765,7.77148123,1.48902522,1.36780348,0.78917766,1.28407251,1443.0996709,1.71388363,31.05504566,4.04829792,58.74557138,16781.69785577,26363.28162121,89.80035313,0.000220623
2025-12-29,31.42671134,0.84892918,156.50625026,0.74054623,7.01565717,7.77412998,1.4887013,1.36667461,0.78908183,1.28478581,1434.01643537,1.71622951,31.2140308,4.0533682,58.80408515,16774.6834714,26294.96083972,89.86135412,0.0002219512
2025-12-30,31.41934837,0.84923459,156.17767491,0.74018672,7.00268762,7.7781485,1.49180678,1.3685248,0.78882751,1.28543504,1433.88528117,1.72149007,31.559683,4.05140854,58.83789601,16769.34141578,26284.09945409,89.95143429,0.0002295603
2025-12-31,31.43528126,0.85170476,156.44988802,0.74287917,6.99026752,7.7847333,1.49415427,1.36970929,0.79218755,1.28461855,1443.37215493,1.73066057,31.43084809,4.05384206,58.86754488,16729.19819321,26298.18211444,89.79570542,0.0002288309
2026-01-01,31.32806723,0.85136914,156.70086294,0.74206457,6.99423286,7.78098865,1.49850264,1.37223414,0.79222041,1.2855248,1442.29570512,1.73973367,31.49963809,4.05549869,58.90768264,16700.24782056,26418.82435321,89.87900494,0.0002317446
2026-01-02,31.41340661,0.85009658,156.60668752,0.7412938,6.9965988,7.79009221,1.49388636,1.37063377,0.79106886,1.283988,1441.9757574,1.73314307,31.5308899,4.05705496,58.89379434,16697.71426799,26323.75559108,89.93424676,0.0002299733
2026-01-03,31.37544867,0.85257412,156.88860137,0.74307779,7.00157978,7.79095012,1.49399137,1.37314278,0.7919944,1.28610084,1440.73953181,1.73384121,31.52085231,4.05493647,58.81175583,16701.80300625,26305.00864815,90.01475935,0.0002309207
2026-01-04,31.3830683,0.85250961,156.77916996,0.74274588,6.99336713,7.79114904,1.49407155,1.37334991,0.79160813,1.28569288,1443.31436225,1.73351446,31.48238196,4.05488213,58.86032105,16712.34375295,26324.04131719,89.99991731,0.0002309206
2026-01-05,31.37042772,0.85511779,157.12155019,0.74441743,6.98217915,7.79152225,1.4978664,1.37531107,0.79313869,1.28811333,1447.85752829,1.73766614,31.46452541,4.06390877,58.8871302,16738.71633623,26261.51664395,90.08759209,0.0002274843
2026-01-06,31.49801961,0.85294376,156.49076968,0.7383803,6.98502946,7.78510425,1.48936349,1.37680835,0.791478,1.28207228,1446.39435677,1.72588912,31.22798717,4.05762041,59.06566586,16735.7866996,26276.21477142,90.21168952,0.000224609
2026-01-07,31.49404002,0.8546185,156.68818545,0.74010935,6.98855038,7.7894703,1.4814834,1.38175574,0.79470192,1.28109768,1448.88294218,1.72730098,31.2545642,4.04994049,59.25410168,16768.96760374,26320.50014389,90.15649907,0.0002238431
2026-01-08,31.56546477,0.85656055,156.90237762,0.74326195,6.99527317,7.78809807,1.48880797,1.38629702,0.79781428,1.28377687,1450.02271253,1.73385408,31.36602619,4.06356864,59.19479667,16791.54833871,26286.23759153,89.92724273,0.0002250295
2026-01-09,31.62738765,0.85842439,157.19989629,0.7447175,6.98246209,7.79383517,1.49352262,1.38714099,0.79995572,1.28602415,1454.62835209,1.74121974,31.45485297,4.06354286,59.11722041,16828.35621116,26329.69640584,89.88309887,0.0002235177
2026-01-10,31.60840522,0.85905135,157.90044404,0.74633037,6.97759568,7.79519932,1.49634883,1.39139601,0.7998809,1.28739912,1456.87869887,1.74429282,31.38208934,4.09299979,59.29510007,16838.28716807,26318.14224583,90.26709241,0.0002217388
2026-01-11,31.61436865,0.85948874,157.89384815,0.74595706,6.98183682,7.79520227,1.49565744,1.39166452,0.8009179,1.28738729,1457.9821259,1.74481728,31.42038976,4.07817756,59.18014573,16822.25673867,26308.93732798,90.27590866,0.0002217387
2026-01-12,31.64114136,0.85767461,157.78730409,0.74472719,6.97657637,7.79505912,1.49315291,1.38925893,0.79849222,1.28578498,1462.58275496,1.74056289,31.29880056,4.06851641,59.2427706,16849.77197867,26258.26035905,90.25527771,0.000218881
2026-01-13,31.67082603,0.85770752,158.48109408,0.74229212,6.97628346,7.79838169,1.48957966,1.38779758,0.79801063,1.28634216,1472.62144014,1.73093402,31.35601223,4.05952463,59.26726472,16874.9364401,26269.23380247,90.21050174,0.0002180815
2026-01-14,31.67715252,0.85919374,159.34528368,0.74473944,6.97853657,7.80095268,1.49549946,1.38956171,0.80166055,1.28911579,1477.99910503,1.74301561,31.52550538,4.05998151,59.38107272,16867.79571207,26290.3258197,90.2539702,0.0002165068
2026-01-15,31.55668159,0.859219,158.35386257,0.74445155,6.96829122,7.79621426,1.49725704,1.38898262,0.79978585,1.2876895,1469.54015274,1.74289176,31.48977571,4.04918582,59.42809609,16859.11265907,26321.89800627,90.25507005,0.0002170535
2026-01-16,31.58572477,0.86142391,158.53027257,0.74720568,6.96779452,7.79815435,1.49297403,1.38939472,0.80315398,1.28831617,1474.86426373,1.73972833,31.41370071,4.05930129,59.42092462,16919.96289371,26259.94427385,90.32057508,0.0002172485
2026-01-17,31.6229326,0.86249016,158.19053701,0.74940078,6.96910153,7.79789701,1.49655126,1.39157586,0.80259815,1.28874788,1473.07285206,1.73850066,31.43787489,4.05700379,59.40946312,16899.22347397,26255.67540325,90.74300141,0.0002176156
2026-01-18,31.63157855,0.86163697,158.19582841,0.74736613,6.96910934,7.79767571,1.49637093,1.39167317,0.80289392,1.28868733,1472.8356327,1.73889666,31.4199352,4.05766375,59.39802685,16885.12620893,26293.63968016,90.69101905,0.0002176149
2026-01-19,31.53285764,0.86057654,157.80151566,0.74705242,6.96458292,7.79583843,1.49653512,1.38993048,0.79951039,1.28683745,1474.99926144,1.73519591,31.31393647,4.05708579,59.39139276,16916.19967009,26332.84381341,90.68054436,0.000214552
2026-01-20,31.63557431,0.85895163,158.04094737,0.7450392,6.96174586,7.7977379,1.48998243,1.38701282,0.79754595,1.28578757,1478.20825427,1.72181335,31.24887094,4.05306464,59.46205469,16989.96393856,26262.85772778,90.94802942,0.0002142374
2026-01-21,31.65480767,0.85261988,158.0035817,0.74350936,6.96461107,7.79766044,1.48370102,1.38283899,0.78978081,1.28371599,1471.94055538,1.7146386,30.96672051,4.0567925,59.35603881,16955.11739278,26268.42004567,91.09221192,0.0002071773
2026-01-22,31.65033023,0.85536733,158.4067875,0.74450916,6.96184448,7.79662169,1.47098948,1.38248481,0.7951875,1.28380731,1467.95848988,1.70773939,31.30113805,4.04519937,59.15720987,16898.52467146,26308.50048897,91.51245026,0.0002086008
2026-01-23,31.60233352,0.85126542,158.67814727,0.74095735,6.96553353,7.79738055,1.46134335,1.37937613,0.7899399,1.28073085,1468.90327537,1.69032179,31.23840441,4.02349829,59.03695451,16847.67006986,26258.07390993,91.59005926,0.0002019438
2026-01-24,31.38634204,0.84580016,155.97022539,0.73270513,6.96408562,7.79719294,1.45075038,1.37021971,0.78145682,1.27294953,1447.35259986,1.68093415,31.0952688,4.00650126,58.96647446,16787.02547781,26265.11270873,91.60836961,0.0002007059
2026-01-25,31.36771401,0.84571093,155.7555875,0.73307839,6.96335502,7.79749225,1.45066247,1.3718385,0.78059725,1.27282347,1453.42863184,1.6816983,31.07838985,4.00614574,59.06101184,16855.50467588,26317.54498805,91.68922214,0.0002007054
2026-01-26,31.41465066,0.84231811,154.07886793,0.73132017,6.95597019,7.7953035,1.44417826,1.36805229,0.77653299,1.26815784,1441.47641816,1.67564996,31.05691767,3.96901101,58.99382724,16767.6777892,26211.29745039,91.52126658,0.0001965428
2026-01-27,31.48844148,0.84158648,154.33408016,0.73066854,6.95754078,7.79756248,1.4449881,1.37137276,0.77663816,1.26923886,1448.75359706,1.67472077,31.23267094,3.96679371,59.09855251,16799.45727536,26159.42988098,91.70201469,0.0001975473
2026-01-28,31.32288599,0.83386027,153.02337047,0.72479813,6.94884851,7.80007682,1.43219294,1.36144338,0.76618326,1.26194917,1432.90664207,1.66395274,30.9583169,3.92374375,58.87914299,16738.94950207,26103.6523415,91.53624201,0.0001921577
2026-01-29,31.30798144,0.83547573,153.07745767,0.72415036,6.94834958,7.80246323,1.420828,1.35435735,0.76674479,1.2630961,1428.14418105,1.65099053,31.15873286,3.93173342,58.85830907,16800.91647133,26077.40447641,92.00774522,0.0001805266
2026-01-30,31.41946866,0.8398259,153.82183758,0.72733834,6.95107353,7.80672506,1.432586,1.35374486,0.76915198,1.26779776,1440.084,1.65636888,31.42639837,3.94021188,58.98661814,16797.63140512,25929.60484589,91.92873526,0.0001936816
2026-01-31,31.60843105,0.84326142,154.78543993,0.73077843,6.9512673,7.81328044,1.43587633,1.36185574,0.77022408,1.27125936,1450.55075368,1.66063011,31.54045678,3.94082842,58.91038196,16779.70848721,25989.56279249,91.67974696,0.000205535
2026-02-01,31.63281045,0.84352117,154.7433216,0.73045243,6.95217763,7.81106446,1.43656718,1.36197503,0.77258991,1.27047846,1450.84241373,1.66073494,31.48765852,3.94211105,58.90590241,16786.44268879,25995.38868776,91.67291519,0.0002055348
2026-02-02,31.59835829,0.84223989,154.99622403,0.73010114,6.95019228,7.80846982,1.43627981,1.36287315,0.77233214,1.27087867,1457.08412815,1.65924347,31.56795182,3.94173386,58.8904898,16782.72116421,25898.17302802,91.92519343,0.0002097976
2026-02-03,31.62078692,0.84699427,155.45204452,0.73117025,6.93978457,7.81105198,1.43584559,1.3675789,0.7784862,1.27126058,1451.28763717,1.66351912,31.51907734,3.94754019,58.86644901,16774.89686216,26001.12230488,90.29185081,0.0002092278
2026-02-04,31.58340258,0.84566555,156.19226872,0.7296878,6.93458368,7.81469771,1.4237203,1.36435881,0.77591581,1.26963453,1450.31282136,1.65622662,31.58188183,3.92320212,58.97510018,16765.71013502,25980.06456854,90.39322764,0.0001981439
2026-02-05,31.62449721,0.84759707,156.80279835,0.73319746,6.9455593,7.80919194,1.43206352,1.36753306,0.77722071,1.27311387,1461.4986784,1.66965633,31.76615194,3.94248619,58.83509648,16807.52187632,25938.20395705,90.45916804,0.0002029699
2026-02-06,31.67051299,0.84815166,156.7764581,0.73807782,6.94020608,7.81123553,1.44004195,1.36955951,0.77703913,1.27383993,1467.61478082,1.67698841,31.67458062,3.95348237,58.60391652,16881.7155355,25961.62117561,90.33866497,0.0002070395
2026-02-07,31.59038609,0.84678296,157.19937719,0.73458397,6.93898804,7.81375935,1.42598034,1.3679958,0.77548638,1.27165024,1463.8034082,1.6625452,31.5150328,3.94599938,58.51102344,16850.42809832,25828.06716043,90.57508737,0.0002016523
2026-02-08,31.61043648,0.84611232,157.11615293,0.73458028,6.93929241,7.81407611,1.42601142,1.36721343,0.77575787,1.27227334,1467.88468761,1.66237025,31.663617,3.94711219,58.55229681,16840.88070794,25613.45892666,90.55048077,0.0002016528
2026-02-09,31.61362296,0.84597741,156.82584601,0.73485448,6.93369975,7.81378822,1.42210479,1.36588702,0.77622224,1.27111153,1464.80401367,1.66097739,31.32034872,3.93050356,58.41516452,16861.11403313,25958.54582937,90.51471032,0.0002001452
2026-02-10,31.54656732,0.83936468,155.42675222,0.73034329,6.90996005,7.81589374,1.41057728,1.35496042,0.76635155,1.26467569,1454.87271471,1.65255849,31.08541067,3.92575783,58.47215195,16779.94368481,25891.59169751,90.71521714,0.0001983901
2026-02-11,31.50087094,0.83967171,153.7219356,0.73220986,6.91310895,7.8159589,1.40444511,1.35255756,0.76679065,1.26318596,1455.86396875,1.6500897,31.12655551,3.92522152,58.44161377,16777.69434011,25922.51741316,90.55692144,0.0001978417
2026-02-12,31.39850505,0.84184509,152.61904573,0.73330011,6.91325123,7.81595078,1.40145993,1.35705007,0.770098,1.2615015,1443.14515682,1.65108047,31.03008081,3.91150104,58.21503754,16821.00177293,25985.00273852,90.68435944,0.0001978336
2026-02-13,31.47459173,0.84247999,153.09420883,0.7340994,6.90565772,7.81524386,1.41091741,1.36145486,0.7694974,1.26354738,1443.82159026,1.65669192,31.09338442,3.90572635,58.08267284,16841.03525414,25940.81192246,90.6254905,0.0002009352
2026-02-14,31.38441351,0.842922,152.7321229,0.73231572,6.90899463,7.81649461,1.41421933,1.36186332,0.76859013,1.26254351,1440.80469694,1.65619876,31.06996389,3.90700771,57.90339329,16827.99434315,25846.90638719,90.56183302,0.0001982905
2026-02-15,31.3834143,0.84242282,152.71819803,0.73254563,6.90867641,7.81710617,1.41379992,1.36184819,0.76809408,1.26330766,1440.92813781,1.65594178,31.06473541,3.90695702,57.894533,16829.24448931,25955.60885645,90.55580061,0.0001982911
2026-02-16,31.34361541,0.84284538,153.08255373,0.7330082,6.90937769,7.8152158,1.41170488,1.36166245,0.76858254,1.26232489,1442.42826318,1.65744112,31.0272151,3.89933359,57.94647944,16828.43702335,25942.34409626,90.60604347,0.0001998109
2026-02-17,31.38068761,0.84433065,153.18564077,0.73448235,6.9095555,7.81602969,1.4169952,1.36419887,0.76971875,1.26269838,1444.01893142,1.65993162,31.21329197,3.90046452,57.9620179,16836.62027544,25965.57444051,90.76952919,0.0002014691
2026-02-18,31.39156514,0.84421105,153.58318709,0.73762364,6.90920614,7.81581602,1.41413424,1.36455149,0.7705933,1.26342239,1444.70323332,1.66434558,31.26540254,3.90043222,58.00909467,16873.3899729,25960.17802642,90.63224421,0.0002038638
2026-02-19,31.5392872,0.84780975,154.88233109,0.74093144,6.90870841,7.81538784,1.41462384,1.36878776,0.77220424,1.26694356,1450.74995853,1.67329149,31.24647119,3.91440915,57.91475907,16931.85100853,25915.81899798,90.75689138,0.0002010844
2026-02-20,31.56703614,0.85061733,155.2033554,0.74415107,6.90845191,7.81368696,1.4238877,1.37005651,0.77608278,1.26961392,1449.44363587,1.6828605,31.21015157,3.91205637,58.13336744,16897.63043647,25923.05395685,91.02427298,0.0002000378
2026-02-21,31.53898429,0.84864827,155.06896793,0.74184475,6.90878235,7.81495094,1.41238221,1.36862175,0.7756651,1.26660152,1445.55646612,1.67349264,31.06996966,3.90299441,57.9571439,16857.92339943,25845.67944429,90.7267782,0.0001961357
2026-02-22,31.54005725,0.84864646,155.0100591,0.74148522,6.90948474,7.81525302,1.41231969,1.36849821,0.77524032,1.26662939,1446.83495476,1.67346861,31.11885798,3.90331168,58.04467805,16898.61955036,25879.11760798,90.76071613,0.0001961356
2026-02-23,31.4871469,0.84537517,154.25462769,0.73929739,6.90665438,7.81545151,1.41324222,1.36639795,0.77151875,1.26442911,1443.95577074,1.67043327,31.01320782,3.8899734,57.88575436,16840.39435212,25945.8699193,90.74748335,0.0001932301
2026-02-24,31.46207845,0.84864434,154.98478419,0.74086805,6.8969477,7.81903379,1.41494733,1.37007958,0.77523435,1.26697691,1446.50218402,1.67607429,31.0563539,3.89763693,57.69449759,16823.14589425,26124.43361675,90.98675028,0.0001928068
2026-02-25,31.31952357,0.84838588,155.57340763,0.74007703,6.8721633,7.82234904,1.41127018,1.36918899,0.7731659,1.26551658,1435.65034971,1.67311315,31.04790989,3.89394046,57.54418173,16831.52752719,26203.21042833,90.88579267,0.0001929086
2026-02-26,31.2375857,0.84605765,155.92232357,0.73736176,6.84553169,7.81877574,1.40443985,1.36681875,0.77165665,1.26338651,1422.85016384,1.66537107,31.12738327,3.8853709,57.53723041,16762.62642542,26095.61595565,90.88593335,0.0001931578
2026-02-27,31.30334272,0.84762908,155.81393488,0.74154594,6.85964226,7.82245056,1.40548728,1.36733533,0.77349534,1.26423169,1436.94436551,1.67073213,31.09427097,3.88853397,57.63805855,16779.77832218,26081.27218298,90.97782871,0.0001929036
2026-02-28,31.39048639,0.8470471,156.05262539,0.74137061,6.85819266,7.8232987,1.4043563,1.36445619,0.76940118,1.26494796,1439.663887,1.66679326,31.08080013,3.89010205,57.74057365,16798.03585786,26133.00835467,91.08007394,0.00018947
2026-03-01,31.3957953,0.84627675,156.05179854,0.74158609,6.85770311,7.82324663,1.4059119,1.3645306,0.76929253,1.26467337,1437.51692233,1.66757708,31.08814905,3.89224185,57.69583923,16771.79149376,25936.59535561,91.08069631,0.0001894696
2026-03-02,31.43394665,0.84850041,156.3436825,0.74391099,6.8690025,7.82284458,1.40780467,1.36491625,0.76870416,1.26713999,1451.098361,1.67096544,31.23932921,3.90584837,58.03940218,16831.69187189,26170.80039561,91.20917467,0.0001873328
2026-03-03,31.56604455,0.854899,157.22699631,0.74582062,6.8816725,7.81874902,1.40768118,1.36626642,0.7794398,1.27228094,1465.78405622,1.68164696,31.44118773,3.92649335,58.25037931,16858.39092727,26181.24688034,91.69100348,0.0001866352
2026-03-04,31.78569629,0.86216864,157.5401841,0.75001047,6.92080361,7.80878174,1.42636826,1.36860408,0.78185977,1.27811493,1479.90881724,1.6991076,31.72436777,3.949992,58.61391892,16910.33135651,26196.5272191,92.10340058,0.0001932657
2026-03-05,31.68464513,0.86030412,156.87731701,0.74844721,6.89021216,7.81870103,1.41554148,1.36457932,0.77974839,1.27597444,1464.27774778,1.68527595,31.55125453,3.93740438,58.48126488,16884.82987226,26187.57000727,92.14998218,0.0001929482
2026-03-06,31.74417162,0.86061628,157.49208243,0.74799906,6.90228893,7.82134012,1.42100304,1.36578245,0.78027069,1.27815708,1474.04448179,1.69080244,31.74330803,3.94882139,58.8786779,16910.13385806,26203.73065562,91.60890217,0.0001949418
2026-03-07,31.81791944,0.86079941,157.75119652,0.74531499,6.90520156,7.82160223,1.42249987,1.35658343,0.77648001,1.27914972,1485.00476023,1.69494988,31.85093822,3.94620052,59.03936886,16942.42200295,26093.53290865,91.94061202,0.0001933836
2026-03-08,31.82053522,0.86062898,157.78534895,0.74559269,6.9031071,7.82220684,1.42234534,1.35667552,0.77695621,1.27914453,1482.28640159,1.6952587,31.77778677,3.94636793,59.02683909,16909.06014952,26220.91454158,91.96842816,0.0001933835
2026-03-09,31.87586144,0.86750638,158.65380999,0.75154407,6.91940653,7.81513552,1.43121296,1.35711314,0.78123593,1.28285612,1493.63241918,1.70211577,32.09805275,3.9665676,59.66687674,16973.22612146,26196.36855943,92.31155626,0.000196532
2026-03-10,31.7827168,0.86020534,157.63970552,0.74433731,6.88100462,7.82365394,1.4144264,1.35946995,0.77704991,1.27439598,1471.81770382,1.6891902,31.66886999,3.93075638,59.16416436,16882.61095621,26252.98573694,91.84355435,0.0001929693
2026-03-11,31.7721782,0.86055497,158.38877912,0.74412318,6.86993597,7.82493585,1.39964415,1.35700271,0.7780573,1.27249795,1472.95961572,1.68731731,31.62523986,3.925108,58.92934793,16865.44344266,26225.45660224,91.88273368,0.0001921742
2026-03-12,31.85965104,0.86699637,159.08298632,0.74802022,6.87877882,7.8241668,1.40163051,1.35868908,0.78212394,1.27628325,1481.24640595,1.69555641,31.89639841,3.92992948,59.53370885,16902.53624114,26243.44352949,92.20799404,0.000193601
2026-03-13,31.92874087,0.86817846,159.31907704,0.7486319,6.88385295,7.82689619,1.41127132,1.36308702,0.78595417,1.27810699,1487.11235136,1.70826496,32.15513775,3.92963579,59.51820565,16920.56904533,26257.16175346,92.28710759,0.000195313
2026-03-14,32.14424409,0.87322673,159.73140786,0.75568732,6.89623551,7.8278517,1.43522942,1.37212171,0.79437297,1.28358939,1501.24935097,1.73128,32.4022683,3.93952601,59.75197873,16939.31780412,26368.00390946,92.55731868,0.0001992154
2026-03-15,32.12823002,0.87200733,159.65072947,0.75534424,6.89927307,7.82801753,1.43208985,1.37161111,0.79533668,1.28367687,1498.76212233,1.73069673,32.30278101,3.93890543,59.7452492,16920.19132443,26286.31694955,92.52374376,0.0001992155
2026-03-16,32.07047187,0.87345942,159.59217156,0.75441912,6.89970007,7.82842196,1.42657896,1.37108116,0.78926563,1.28131213,1497.84524294,1.72139297,32.42042801,3.93376619,59.98135995,16977.72681522,26312.57706235,92.44129829,0.0001998988
2026-03-17,31.88188735,0.86984175,159.34170883,0.75136064,6.88341752,7.83357704,1.41143477,1.36829246,0.78866114,1.27817464,1491.29935202,1.70850171,32.43833653,3.92307012,59.71808294,16976.63130189,26282.56908902,92.32903315,0.0001990321
2026-03-18,31.85346041,0.86689698,158.94008792,0.74875012,6.88430249,7.83846062,1.40671544,1.36943968,0.78547775,1.27636556,1485.96457357,1.70629344,32.28412488,3.91088119,59.59009314,16957.05498587,26266.38603134,92.37033612,0.0001999285
2026-03-19,31.92099816,0.87037879,159.58844673,0.75219381,6.89471582,7.83863273,1.41828463,1.37174236,0.79118485,1.28109261,1496.49630477,1.71678819,32.7017097,3.93368251,60.03549665,16968.98738775,26312.58334934,92.96018071,0.0002056927
2026-03-20,31.9373355,0.86461235,158.28781067,0.74551774,6.89075101,7.83468007,1.41110124,1.37265219,0.78878583,1.27871204,1495.68838447,1.69959299,32.62656272,3.93875883,59.8264364,16927.44240049,26306.89047388,92.93667771,0.000213353
2026-03-21,32.03647714,0.86270001,159.2421692,0.74939493,6.88630201,7.83299806,1.4241721,1.37240348,0.78819486,1.2822493,1504.73688058,1.71260015,32.88999579,3.93999727,60.14737898,16962.69849493,26316.99388832,94.1467959,0.0002223485
2026-03-22,32.04323497,0.86268018,159.24080792,0.74961073,6.88465406,7.83336623,1.42304457,1.37188221,0.78804489,1.28220181,1502.12230024,1.71332818,32.72275393,3.93515562,59.8885906,16978.15611238,26303.37023195,93.79576452,0.0002223486
2026-03-23,32.12690929,0.86603717,159.5652334,0.75069303,6.91215882,7.83193636,1.43196238,1.37099522,0.7890996,1.28333387,1508.88241338,1.71956334,33.01383624,3.93968243,60.25758128,16996.34404471,26315.69441693,93.70902366,0.0002286629
2026-03-24,32.04991148,0.86277973,158.59998683,0.74592623,6.8935009,7.83420942,1.43289855,1.37467889,0.78794944,1.27792622,1498.50289574,1.71214444,32.60643905,3.94686134,59.94588156,16920.19299681,26340.52397594,93.53388531,0.0002290228
2026-03-25,31.91717649,0.86158505,158.81338678,0.74601943,6.89016036,7.82554954,1.43261332,1.37704768,0.7889278,1.27820699,1495.32994917,1.71603537,32.66233394,3.95392295,59.97976553,16901.04568843,26341.4324613,93.89229849,0.0002175627
2026-03-26,31.95417611,0.86506215,159.49104529,0.74885869,6.90649632,7.8172971,1.44133546,1.3827532,0.79215393,1.2824576,1507.77506436,1.72449022,32.76860298,3.98968073,60.23012193,16896.00497542,26315.32233997,93.9746468,0.0002213704
2026-03-27,31.95284904,0.86660964,159.5115741,0.74948649,6.91330671,7.83030855,1.45048256,1.38513718,0.79503476,1.2854008,1504.02843908,1.73314306,32.85935802,4.00944863,60.31022915,16933.27113585,26343.89504378,94.1543065,0.0002255804
2026-03-28,32.04439302,0.86610381,160.29898597,0.75374936,6.91184795,7.82604825,1.45243271,1.38995025,0.7985226,1.29280372,1507.99984843,1.74064435,32.86035808,3.9240375,60.55035441,16990.79435058,26337.49124196,94.8641724,0.00022172258
2026-03-29,32.03458663,0.86673816,160.26209836,0.75388142,6.91077383,7.82818498,1.45399027,1.38872384,0.79860966,1.2899062,1509.74818521,1.74041377,32.89765429,4.01260879,60.52885975,16925.61569462,26338.25063464,94.83281633,0.000221842
2026-03-30,32.00289153,0.86829033,159.77202601,0.75375471,6.91316803,7.83264041,1.45656274,1.38903566,0.79838006,1.2877399,1511.381019,1.74305149,32.78917262,4.02200094,60.70406261,16979.270486,26349.54218426,93.33729063,0.000221937
2026-03-31,32.07068294,0.87123015,159.62935428,0.7569411,6.90614005,7.83776942,1.45740604,1.39245548,0.79837841,1.29059617,1525.53625755,1.74670301,32.80052712,4.02643789,60.625919,16998.89507927,26337.23987391,94.14112635,0.0002185831
2026-04-01,31.91570955,0.86454831,158.61456864,0.75540895,6.88245124,7.83853966,1.44712942,1.39018402,0.7976248,1.28534802,1509.04660771,1.7436121,32.74671388,4.03239167,60.32015637,17011.27255114,26341.58714156,93.59562608,0.0002132165
2026-04-02,31.97597204,0.86594523,159.42060329,0.75495537,6.8843194,7.83685586,1.45190728,1.39000623,0.79734527,1.28698256,1521.25709146,1.74844993,32.75475326,4.02625985,60.5499979,17018.87543126,26340.65200582,92.97081253,0.000213612
2026-04-03,31.97149866,0.86690706,159.65143248,0.75612147,6.88036767,7.8380625,1.44785178,1.39241196,0.79880212,1.28583292,1510.26448552,1.75149584,32.67789324,4.03406809,60.35344115,17000.45231959,26382.06755777,92.71033343,0.0002138379
2026-04-04,31.99528446,0.86846042,159.67178748,0.75798812,6.88504972,7.83734888,1.45123056,1.39458623,0.8000488,1.28744384,1511.40306867,1.75853371,32.68994669,4.03099778,60.409376,16988.98088324,26366.49585929,92.73899088,0.0002138383
2026-04-05,32.00067545,0.86811129,159.65108595,0.75756635,6.88489482,7.83741261,1.45124203,1.39453708,0.79995376,1.2870165,1511.67604751,1.75894323,32.67715182,4.03160257,60.35654518,17001.26228058,26341.79229573,92.87865411,0.0002138384
2026-04-06,32.02468725,0.86808405,159.57495256,0.75712703,6.88274422,7.83782953,1.4486932,1.39409472,0.80080885,1.28685844,1507.94356162,1.75479199,32.6142731,4.03157817,60.56200997,17049.84910131,26342.88041228,92.99776218,0.0002161026
2026-04-07,31.9886935,0.86726489,159.88287044,0.75650171,6.87909693,7.8373286,1.44764647,1.39262404,0.79965019,1.28662078,1509.99611783,1.75538457,32.66489907,4.03590955,60.19247878,17075.74841339,26336.55047343,92.98331935,0.0002149242
2026-04-08,31.80070992,0.85683685,158.52133855,0.74635158,6.83149171,7.83209141,1.41767959,1.3841369,0.79056149,1.27560214,1478.12880901,1.72364782,32.10484145,3.99289022,59.59111978,17009.24099258,26328.3847813,92.44759579,0.0002082025
2026-04-09,31.79849831,0.85751968,158.83022997,0.74674957,6.83624976,7.83324501,1.42221182,1.38540536,0.79151467,1.27524495,1481.2250749,1.7168693,32.111505,3.98204868,59.70349799,17060.90034421,26328.0005308,92.52085145,0.00021180736
2026-04-10,31.74980412,0.85535004,159.15353448,0.74486533,6.83185187,7.83425198,1.41438716,1.38240391,0.79068045,1.27380183,1480.07035425,1.7101501,32.17971247,3.971989,59.71098321,17108.6536987,26335.00569407,92.47006959,0.00021041611
2026-04-11,31.74179699,0.85270392,159.25500622,0.74321759,6.82803946,7.83204888,1.41522759,1.38435032,0.78922353,1.27410338,1484.57007265,1.7137959,32.10363934,3.96503829,59.87649181,17089.29642205,26335.99448642,93.10623071,0.00021061787
2026-04-12,31.74179699,0.85270392,159.2750064,0.74321759,6.82803946,7.83194911,1.41602913,1.38414994,0.78922353,1.27380323,1484.57007265,1.7137959,32.20803077,3.96503829,59.87649181,17089.29642205,26335.99448642,93.09048468,0.00021061787
2026-04-13,31.78748482,0.85559814,159.72943934,0.74614489,6.8280128,7.83284693,1.4214531,1.38624866,0.7919596,1.27620077,1488.37911981,1.71754994,32.28200857,3.97697585,60.41647865,17125.49337895,26339.98981667,93.31731397,0.00021218834
2026-04-14,31.66280136,0.85020205,159.14302439,0.74029473,6.83039829,7.83299056,1.41121382,1.37884918,0.78366014,1.27351,1483.12515994,1.70553507,32.06450653,3.95897775,59.90219361,17131.70222948,26335.00342716,93.30751128,0.00020999991
2026-04-15,31.62029393,0.84882006,159.04697031,0.73753465,6.81764884,7.83758338,1.4029595,1.37803474,0.78188041,1.27170221,1473.82473054,1.69584486,32.02969173,3.94750048,59.98295145,17133.79662866,26332.9948188,93.20583122,0.00020711209
2026-04-16,31.51901303,0.84634017,158.57550539,0.73624993,6.81825014,7.83137011,1.39104301,1.37209007,0.78051522,1.26942054,1471.26008795,1.68957512,31.89700463,3.95201928,59.9839974,17132.05046896,26327.00072024,93.31165292,0.00020735334
2026-04-17,31.56651631,0.84918046,159.39156305,0.73971515,6.82155322,7.82874323,1.39625902,1.37005586,0.7835957,1.27279073,1480.62560143,1.69953533,32.06551257,3.95701109,60.11804627,17177.20726881,26334.0111438,92.98938949,0.00020889839
2026-04-18,31.48036603,0.84940406,158.6450315,0.73942577,6.81775017,7.83904982,1.39370388,1.3778506,0.7816471,1.2701037,1467.04030677,1.70039141,32.12036735,3.95250387,59.56403572,17139.99910133,26334.99861887,92.60244577,0.00020640519
2026-04-19,31.48036603,0.84940406,158.63037673,0.73942577,6.81775017,7.83904982,1.39370388,1.3778506,0.7816471,1.2701037,1467.04030677,1.70039141,32.12036735,3.95250387,59.56403572,17139.99910133,26334.99861887,92.60244577,0.00020640519
2026-04-20,31.50103051,0.85060414,158.9215071,0.74068312,6.81775041,7.833655,1.39782926,1.36994986,0.78269531,1.27239832,1475.39507075,1.70135544,32.11025106,3.95350002,59.98898468,17170.20084975,26335.00130313,92.60375457,0.00020839801
2026-04-21,31.45804985,0.84896994,158.93968069,0.73955045,6.81775077,7.83028666,1.39410034,1.36463089,0.77889512,1.27091989,1471.12531985,1.69160572,32.0802803,3.95497658,59.90350777,17135.00338315,26327.00519824,93.1201683,0.00020799764
2026-04-22,31.48403303,0.85150371,159.34444092,0.74034501,6.82164744,7.83031745,1.39710642,1.3659499,0.7807148,1.2737593,1479.57442951,1.69329432,32.18301625,3.95401539,60.13147813,17175.99343831,26324.98994289,93.56721387,0.00021032142
2026-04-23,31.53860409,0.85481045,159.51603539,0.7415455,6.82480147,7.83210668,1.39999231,1.36734026,0.78556482,1.27660555,1483.53536265,1.69878531,32.37998632,3.96498867,60.52551011,17285.75371629,26325.00565885,94.13051844,0.0002128478
2026-04-24,31.53501289,0.8564797,159.81595536,0.7430501,6.82649606,7.83465317,1.40473119,1.37114948,0.78711512,1.27894944,1483.59825535,1.71090984,32.50349358,3.97201795,60.80400661,17292.29576728,26340.99355328,94.1605771,0.00021411992
2026-04-25,31.48349453,0.85303998,159.36499363,0.74098721,6.83630248,7.83544774,1.40154127,1.36795026,0.78715117,1.27610345,1476.63995571,1.70633928,32.33502889,3.9650373,60.69502115,17252.69500153,26359.99236359,94.25047642,0.00021240695
2026-04-26,31.48349453,0.85303998,159.37499296,0.74098721,6.83630248,7.83544774,1.40154127,1.36784961,0.78715117,1.27610345,1476.63995571,1.70633928,32.33502889,3.9650373,60.69502115,17252.69500153,26359.99236359,94.25047642,0.00021240695
2026-04-27,31.43008162,0.85280355,159.29754657,0.73860548,6.83629754,7.83631715,1.39425364,1.36643519,0.78481976,1.27508031,1470.31540342,1.69711573,32.3320041,3.95249884,60.66398602,17225.00482431,26359.00738187,94.18177678,0.00021149528
2026-04-28,31.53550459,0.85366041,159.11851794,0.73894467,6.82315144,7.83565074,1.39199232,1.36341519,0.78648502,1.27450048,1472.97977935,1.69490518,32.42650069,3.94749647,60.92993668,17234.40178296,26348.50272574,94.40920724,0.00021426876
2026-04-29,31.57350179,0.8540315,159.61949224,0.73999523,6.83745048,7.837465,1.39619973,1.3687503,0.78892953,1.27668998,1475.88939865,1.70678964,32.59149538,3.95050204,61.54349625,17334.74951683,26348.99926553,94.77189587,0.00021777803
2026-04-30,31.66078678,0.85700157,160.39246301,0.74210509,6.83824867,7.83583792,1.40274103,1.36778908,0.79147952,1.28071944,1485.24957343,1.71366035,32.78017224,3.96750079,61.51895987,17379.99593181,26355.9938313,94.94882758,0.0002193924
2026-05-01,31.54697712,0.85220034,157.27698642,0.73481486,6.82814869,7.8332278,1.38885987,1.35734976,0.78140465,1.2729146,1474.36467272,1.69309454,32.50749382,3.96992755,61.26448804,17299.89651646,26355.9946925,94.89488364,0.00021645889
2026-05-02,31.62949207,0.8528501,157.07298009,0.73648552,6.82824793,7.8350477,1.38811758,1.35975008,0.78266309,1.2726033,1471.31982987,1.69577728,32.50363442,3.97037625,61.2894812,17334.343476,26355.99008135,94.89161469,0.00021662392
2026-05-03,31.62949207,0.8528501,157.07298009,0.73515849,6.82824793,7.8350477,1.38888856,1.35975008,0.78125333,1.2726033,1471.31982987,1.69448436,32.51302601,3.97037625,61.27501516,17334.343476,26355.99008135,94.91046865,0.00021662392
2026-05-04,31.62496312,0.85281009,157.23550777,0.73611497,6.82825087,7.83329524,1.38759792,1.35930083,0.78121498,1.27370343,1472.17971267,1.69120514,32.50549892,3.95594895,61.45898154,17372.00082808,26345.00125534,95.04905449,0.00021746657
2026-05-05,31.61548466,0.85561937,157.22943604,0.73935438,6.83024768,7.83550204,1.39693979,1.36215886,0.78404509,1.2770196,1474.81548911,1.70466415,32.74964663,3.96401265,61.67899985,17426.59314529,26333.48964187,95.29341242,0.0002207498
2026-05-06,31.52098932,0.85318991,157.85454136,0.73695046,6.83035172,7.83620716,1.38180248,1.35989939,0.78149551,1.27359497,1457.88544731,1.68525056,32.48551284,3.95303872,61.33701343,17404.80488315,26327.50738692,95.0059237,0.00021500386
2026-05-07,31.34599246,0.85059546,156.33044358,0.73515009,6.81124776,7.83168757,1.38084901,1.36374439,0.77871504,1.26727921,1451.06896203,1.67791948,32.31448811,3.91149724,60.75548102,17362.99394036,26310.99081782,94.58767045,0.00021264886
2026-05-08,31.40798784,0.85269084,156.89508577,0.73762532,6.80185256,7.82949765,1.38678056,1.36603545,0.78060521,1.26906574,1464.5055783,1.68437052,32.24798552,3.91750728,60.45981609,17370.20669311,26313.51013935,94.45843729,0.00021232002
2026-05-09,31.31604688,0.84804048,156.66208555,0.73346088,6.80075204,7.83175301,1.37873996,1.36705057,0.77695518,1.26730405,1461.92081337,1.67588487,32.20304718,3.9210398,60.51505653,17377.45511449,26308.00774261,94.42553145,0.00021201012
2026-05-10,31.31604688,0.84804048,156.67855026,0.73346088,6.80075204,7.83165294,1.37836004,1.36715064,0.77695518,1.26740412,1461.92081337,1.67588487,32.20304718,3.9210398,60.51505653,17377.45511449,26308.00774261,94.42553145,0.00021201012
2026-05-11,31.40198912,0.85056001,157.15853758,0.73581351,6.80075121,7.82935129,1.38303014,1.36862505,0.77891479,1.26946507,1474.86023683,1.68156054,32.3970159,3.92898504,61.06351387,17416.00383518,26326.50579657,94.8721166,0.00021349056
2026-05-12,31.42660797,0.85048245,157.60439973,0.73608903,6.79333129,7.82868175,1.38284569,1.36925076,0.77980023,1.27081372,1485.70343623,1.67922421,32.33713009,3.93264206,61.42674841,17506.95861132,26326.28425627,95.55276339,0.0002118393
2026-05-13,31.53406643,0.85207835,157.66435704,0.73862841,6.79227647,7.82833893,1.38173729,1.36892517,0.78051121,1.2718395,1495.0934717,1.68146459,32.32647893,3.92713545,61.48108027,17512.41174445,26339.13565087,95.55922465,0.0002128769
2026-05-14,31.52936272,0.85366256,157.96333254,0.73921691,6.7865906,7.83128075,1.37873047,1.37081369,0.78178807,1.27270403,1493.11340543,1.6866839,32.35326564,3.92812819,61.50577495,17530.83917622,26305.69400991,95.71093106,0.0002138551
2026-05-15,31.53080831,0.85822987,158.50052652,0.74770531,6.78510353,7.83125141,1.39024055,1.37393504,0.7851104,1.27717048,1497.09484384,1.69945562,32.49250637,3.94449742,61.64502068,17570.70300698,26361.00451171,95.89722268,0.00021627393
2026-05-16,31.5779432,0.86023046,158.76387572,0.7503645,6.80859036,7.83073482,1.39904457,1.3749571,0.78710158,1.28035531,1497.96104368,1.7116753,32.66842956,3.95070288,61.64689726,17605.35312717,26350.75408236,95.98990392,0.0002203726
2026-05-17,31.58718298,0.86021924,158.76499938,0.75036482,6.81023948,7.8322861,1.39907879,1.37500325,0.78756477,1.28040943,1497.99066626,1.71175796,32.58904156,3.9555973,61.64288621,17520.10228602,26355.25089163,96.09271314,0.0002203737
2026-05-18,31.6404103,0.86061038,158.92855815,0.75124487,6.80990322,7.82991757,1.40315465,1.37553595,0.78694988,1.28150221,1504.28554106,1.7138109,32.7100225,3.97750106,61.74452523,17673.00675493,26360.51007517,96.14963863,0.00022031626
2026-05-19,31.63777121,0.85901509,158.93394764,0.74554832,6.80167137,7.83128663,1.40113618,1.37478317,0.78581939,1.28004703,1505.17583424,1.70803222,32.6203116,3.97433034,61.71112489,17725.11936413,26330.40762119,96.38911845,0.0002200623
2026-05-20,31.65173396,0.86161096,158.84323796,0.74595246,6.81026435,7.83307857,1.40685662,1.37536466,0.78930515,1.28121535,1508.22836478,1.71301664,32.69924161,3.97781413,61.6978263,17691.32427732,26357.35501806,96.80629003,0.000223788
2026-05-21,31.58355439,0.86054655,158.96839183,0.74471558,6.80160955,7.83241004,1.40409277,1.37634334,0.78709944,1.27943912,1505.44949147,1.70643459,32.65830197,3.96876106,61.58730175,17662.54467572,26338.36468776,96.37777609,0.0002204529
2026-05-22,31.52289916,0.861015,159.02041321,0.74466585,6.79943088,7.83588635,1.40042201,1.37907757,0.78658481,1.2787025,1513.69601511,1.70237192,32.66286817,3.9636549,61.64711994,17705.03568941,26347.51995048,96.24431678,0.0002207819
2026-05-23,31.46254787,0.86186618,159.20982633,0.74451447,6.79569617,7.83561115,1.40279584,1.38199846,0.78487258,1.27980965,1520.82097261,1.70966247,32.68504923,3.9679005,61.62035232,17699.97631868,26199.87688945,95.70110713,0.0002219423
2026-05-24,31.47012723,0.86178554,159.20991897,0.74436649,6.79524775,7.83551378,1.40290814,1.38211111,0.78474546,1.2800278,1520.71357059,1.70938857,32.64154207,3.96805734,61.62476334,17699.80367655,26357.36341169,95.72874727,0.000221942
2026-05-25,31.39218198,0.8593388,158.91470815,0.74210909,6.78274362,7.83488399,1.3963754,1.38104021,0.78236941,1.27723017,1510.61166872,1.70359695,32.46009316,3.9557163,61.4562855,17732.87476748,26330.53520887,95.38197353,0.0002192235
2026-05-26,31.49362268,0.85952338,158.94441979,0.74149308,6.78550453,7.835035,1.39505031,1.38085238,0.78313468,1.27720966,1507.39563547,1.70817573,32.59228358,3.96487405,61.60214773,17786.47128846,26348.58565108,95.3803173,0.0002202482
2026-05-27,31.42538559,0.85910822,159.21352873,0.7432109,6.78154801,7.83571086,1.39641228,1.38112417,0.78529829,1.27685599,1498.71873102,1.70310246,32.60851074,3.96749652,61.55989869,17795.8313525,26333.61498758,95.7200995,0.0002221571
2026-05-28,31.46298009,0.8628635,159.57973522,0.74784196,6.78589983,7.83124983,1.40823461,1.38674016,0.78981505,1.28059082,1508.32106009,1.70338895,32.73044564,3.97920055,61.68283284,17884.32230733,26325.08007059,96.33547298,0.0002282597
2026-05-29,31.4061286,0.85917702,159.35807209,0.74434316,6.77142415,7.83475943,1.39725161,1.37880795,0.78428678,1.27716725,1503.11969405,1.67934628,32.60185713,3.96507,61.53742789,17876.22738168,26317.36077548,95.58121671,0.0002220524
2026-05-30,31.44495926,0.8576404,159.28506573,0.74309747,6.76650914,7.83640686,1.39185554,1.37961836,0.7810005,1.27685419,1507.88191267,1.670183,32.55542377,3.9687867,61.52399807,17822.26926835,26312.36932507,94.96708456,0.0002201448
2026-05-31,31.43918253,0.85765611,159.28500052,0.74310255,6.76732222,7.836837,1.39189785,1.37974093,0.780998,1.27681922,1507.8437418,1.669984,32.56698774,3.96478041,61.5253386,17800.15370564,26309.57843984,94.98766845,0.0002201446
2026-06-01,31.35773706,0.85856963,159.47035442,0.74315661,6.76844581,7.83741362,1.3919467,1.38095196,0.78308352,1.27766616,1514.37268301,1.67521069,32.58399734,3.96547883,61.72368401,17817.15103883,26315.65228935,94.83532563,0.0002216725
2026-06-02,31.45904959,0.85932214,159.71802867,0.74280992,6.76222174,7.83782568,1.39679141,1.38450993,0.78642946,1.27857062,1518.82954994,1.68567024,32.56775215,3.96500451,61.71072797,17860.67433289,26324.45455946,95.14311545,0.0002217765
2026-06-03,31.42903712,0.860165,159.88362692,0.74294276,6.76713247,7.83672485,1.39487771,1.38496386,0.78838535,1.28010888,1519.36365614,1.69075075,32.70709147,3.98175716,61.69396065,17926.25432199,26346.09152512,95.74500565,0.0002236369
2026-06-04,31.49577963,0.86128188,159.81997474,0.7446083,6.77612671,7.83570336,1.40215883,1.39030938,0.79070301,1.28325692,1528.04445093,1.70235465,32.65827424,4.01577274,61.5736444,18037.60522727,26333.88668938,95.68314862,0.0002230764
2026-06-05,31.5321869,0.86096071,159.9580443,0.74471236,6.77513818,7.83319072,1.40361962,1.39040462,0.78920167,1.28522423,1544.73024811,1.70568751,32.6883031,4.03625144,61.4958832,18038.75432565,26334.35342754,95.68277727,0.0002251317
2026-06-06,31.59887547,0.86794467,160.33002248,0.74959098,6.76911368,7.83447,1.42006589,1.39398858,0.79595016,1.28792875,1543.20966354,1.72525759,32.81349593,4.02790549,61.72917205,18101.06033974,26338.85681557,95.04155869,0.0002309412
2026-06-07,31.59717266,0.86786441,160.32999982,0.74954538,6.76696149,7.83433819,1.42004997,1.39349367,0.79622799,1.29066808,1549.32856102,1.72520438,32.75182763,4.0303504,61.61221161,18037.97105485,26339.98599407,95.02970654,0.0002309413
2026-06-08,31.63327175,0.86713482,160.33197125,0.74952714,6.78151407,7.83495534,1.41839197,1.39452392,0.79672501,1.29037113,1548.5758774,1.72264272,32.85332658,4.06987921,61.72586969,18185.29462585,26341.85677643,95.33454887,0.0002320157
2026-06-09,31.53792247,0.86671429,160.25721198,0.74914805,6.77904114,7.83603854,1.41949937,1.39492279,0.79760391,1.28742933,1519.19554213,1.71862321,32.8846728,4.06407441,61.58107697,18186.32595006,26328.25695856,95.63790217,0.0002306759
2026-06-10,31.62593104,0.86592151,160.36119555,0.7471151,6.77428484,7.83676074,1.42390936,1.39476502,0.799008,1.28736943,1524.73052135,1.71834041,32.92066811,4.06329115,61.46375777,17952.41699384,26318.48758873,95.42235379,0.0002391352
2026-06-11,31.70126062,0.86599177,160.51080253,0.74731505,6.77487549,7.8362901,1.42750707,1.3938278,0.79859471,1.28702652,1526.24936307,1.72525342,32.93057176,4.06744884,61.23079727,17970.29998975,26321.49023865,95.64189642,0.0002453028
2026-06-12,31.61183757,0.8640827,160.25487686,0.7453915,6.76429047,7.83568051,1.41983083,1.39727605,0.79580687,1.28449301,1521.23938264,1.71676593,32.80947865,4.05940691,60.84952999,17915.52272289,26334.25920749,95.27869837,0.0002383433
2026-06-13,31.61529084,0.86453623,160.22157824,0.74599876,6.76244599,7.83566714,1.4195956,1.39886439,0.797025,1.28464718,1518.35621624,1.71483546,32.74756238,4.05798022,60.75602172,17775.36030873,26384.20890571,95.16020995,0.0002372317
2026-06-14,31.61936091,0.86397583,160.22150677,0.7458887,6.76408282,7.83600753,1.41951786,1.39896164,0.79697523,1.28441617,1517.97391848,1.71460596,32.77277634,4.05794447,60.757145,17932.75449514,26318.29773746,95.20524104,0.0002372315
2026-06-15,31.51621998,0.86102489,160.04708682,0.74337337,6.75915776,7.83536309,1.41187862,1.39599023,0.79336511,1.28137778,1511.85705413,1.70736153,32.57510372,4.04679018,60.58940181,17693.8066878,26293.91883932,94.56919248,0.0002309965
2026-06-16,31.58094864,0.86350745,160.27046287,0.74633171,6.76074664,7.83249403,1.4179521,1.40105427,0.79556541,1.28319061,1512.63293058,1.72124064,32.55547164,4.06274515,60.37324437,17721.48512493,26293.82158138,94.59782232,0.0002311914
2026-06-17,31.56137822,0.86117747,160.27013407,0.74458499,6.75612091,7.83348511,1.41615087,1.39985954,0.79224791,1.2817371,1514.12129056,1.71670758,32.53135125,4.06885907,60.30932251,17740.47113281,26315.6783275,94.32136464,0.0002313114
2026-06-18,31.57392529,0.8677517,160.60854679,0.75103075,6.76117442,7.83679671,1.42132546,1.41009551,0.79858314,1.28690426,1520.26000676,1.72554145,32.63426759,4.09167342,60.42599754,17795.17343143,26378.09589648,94.43559576,0.0002318394
2026-06-19,31.69151655,0.87502173,161.37542028,0.75935299,6.76947259,7.83769665,1.43027776,1.41577101,0.80849324,1.29306285,1538.88693016,1.74552108,32.93277612,4.13795543,60.78752984,17845.44559278,26338.33061737,94.33056713,0.0002423572
2026-06-20,31.68608519,0.8714963,161.28903763,0.75576034,6.77060835,7.83683575,1.42607838,1.41672496,0.80724017,1.29135409,1527.06428904,1.74330553,32.90207569,4.13806019,60.71586387,17794.86733169,26341.67228143,94.38288904,0.0002405842
2026-06-21,31.69604904,0.87134934,161.2929006,0.75573648,6.774142,7.83608203,1.42682036,1.41599686,0.80698301,1.29144754,1527.04509277,1.74262389,32.86587263,4.13844031,60.71644291,17821.43136035,26358.96524098,94.45321749,0.0002405844
2026-06-22,31.67493577,0.87293489,161.6766525,0.75704614,6.77851275,7.83900584,1.42753245,1.41879028,0.80858277,1.29281023,1537.7346143,1.74607957,32.9303227,4.15243139,60.99871287,17830.07176733,26316.2894838,94.41544046,0.000239169
2026-06-23,31.63349898,0.87491614,161.55860649,0.75477598,6.7777454,7.8393721,1.43318701,1.41656008,0.80853253,1.293563,1534.60778774,1.75358355,33.02224367,4.13957606,61.28577629,17859.71663808,26317.72137916,94.6889705,0.000241226
2026-06-24,31.74359346,0.87994231,161.56328453,0.7578422,6.79911576,7.84133743,1.44837232,1.42167811,0.81046367,1.29751591,1537.86520462,1.7693166,33.39473192,4.14030989,61.44699055,17948.69210036,26329.20169505,94.86205872,0.000246301
2026-06-25,31.81999181,0.87951502,161.73835379,0.75862143,6.80187662,7.83977552,1.44961566,1.42294629,0.81082986,1.29673459,1547.0378495,1.77198744,33.39841729,4.11162295,61.29747064,17935.14918813,26301.36126242,94.31533423,0.0002502562
2026-06-26,31.84187459,0.87934359,161.61879919,0.75763204,6.80243235,7.84145446,1.45088302,1.41927478,0.80943087,1.29626772,1545.69192611,1.77230202,33.4239369,4.10053159,61.28161686,17931.96229312,26324.36487398,94.66640072,0.0002495759
2026-06-27,31.86003062,0.87824506,161.75161849,0.7578716,6.80079904,7.84194544,1.45064028,1.41948024,0.8094401,1.29435311,1535.70124851,1.772022,33.37938619,4.08789708,61.29977126,17838.96833701,26346.79749805,94.40636044,0.0002450488
2026-06-28,31.85978438,0.87803784,161.75100052,0.75771599,6.798959,7.84224231,1.45064249,1.41918782,0.80962968,1.2943966,1535.70584627,1.77369963,33.38187713,4.08698406,61.30025774,17897.325323,26299.27024845,94.52385196,0.0002450486
2026-06-29,31.88768078,0.87835714,161.80827592,0.75756449,6.79824749,7.8427723,1.45126145,1.41905698,0.80993078,1.29420921,1544.27153314,1.77116474,33.35516975,4.06579401,61.2457338,17854.51280762,26264.22981611,94.36041238,0.0002464936
2026-06-30,31.86369671,0.8772645,162.17946627,0.75560016,6.79231047,7.84288522,1.45545098,1.42319257,0.8091457,1.2941873,1548.6198209,1.77026088,33.26981197,4.0701404,61.31009563,17899.4871949,26305.38042925,94.56443618,0.0002518214
2026-07-01,31.88387274,0.8768582,162.78888732,0.75564998,6.79407503,7.84389935,1.45222042,1.42184624,0.80949025,1.29659402,1556.46204874,1.76443375,33.3143066,4.09301511,61.56224613,17946.24110835,26311.61163074,94.71663814,0.000251484
2026-07-02,31.88840319,0.87865973,162.5234958,0.75282511,6.79444986,7.84381033,1.45139913,1.42194997,0.80897498,1.29522967,1553.34004834,1.76287522,33.3096555,4.08502439,61.59702029,17983.79962516,26295.99945172,94.94600285,0.00024602472
2026-07-03,31.94866878,0.8741275,161.18758688,0.74851951,6.78255253,7.84280924,1.4421181,1.41727573,0.80298377,1.29175433,1544.03801792,1.75197931,33.1768532,4.06900991,61.43348503,17959.85501877,26293.07267722,95.20407691,0.0002393048
2026-07-04,31.94044019,0.87436981,161.38249448,0.74905622,6.78015154,7.84280168,1.44184672,1.4203273,0.80302512,1.29127807,1527.11150433,1.75176286,33.23992371,4.07099927,61.44475777,18000.15130488,26282.5267844,95.49333272,0.0002395262
2026-07-05,31.94114536,0.87401782,161.35712171,0.74890583,6.78153588,7.843881,1.44190458,1.41992681,0.80308193,1.29136713,1527.34477868,1.75172772,33.17492399,4.07091094,61.44583449,17994.43474455,26297.44825624,95.39725499,0.0002395263
2026-07-06,32.09023974,0.87468711,161.84974295,0.74947536,6.78868464,7.84303986,1.44356131,1.42097969,0.80444009,1.29250717,1532.85982512,1.75765161,33.24027685,4.07725879,61.51290272,17992.49698023,26300.21072166,95.27484128,0.0002402089
2026-07-07,32.08048104,0.87434944,161.8731257,0.74680126,6.7934007,7.84310641,1.439963,1.42182807,0.80559959,1.29192916,1522.76400061,1.75474167,33.32188127,4.0759628,61.40603944,17987.73063232,26301.74232215,95.34206195,0.0002422695
2026-07-08,31.99371121,0.87593325,162.29657882,0.74857747,6.79664946,7.84190986,1.43961949,1.41926946,0.80828517,1.29203415,1508.80626809,1.75265337,33.35955268,4.07685462,61.51361489,17996.32565329,26295.26361152,95.17362146,0.0002422674
2026-07-09,32.1129805,0.87512792,162.45073008,0.74640714,6.79867767,7.83874246,1.44176394,1.41655901,0.8072239,1.2930166,1506.00524806,1.74716985,33.49490406,4.08069857,61.56917117,18087.98850208,26298.08609037,95.49838486,0.0002461685
2026-07-10,32.09407385,0.87317953,161.46645362,0.74393525,6.7803155,7.83768598,1.43640796,1.4145067,0.80370023,1.2904446,1509.03797929,1.72836415,33.3201903,4.06658156,61.51616451,18063.56134786,26286.63481744,95.33717847,0.0002426552
2026-07-11,32.07313604,0.87646824,161.73629882,0.74642493,6.78097774,7.83981286,1.43878251,1.41610007,0.8082999,1.2919552,1499.45163006,1.73509293,33.29091852,4.07008383,61.49917465,18075.28643987,26242.60876655,95.5311662,0.000243223
2026-07-12,32.07846696,0.87590319,161.73009322,0.74615157,6.77692993,7.83946287,1.43822601,1.41572846,0.80831936,1.29191828,1498.7531937,1.73531079,33.30985277,4.06990076,61.50220401,18086.63558673,26267.91687443,95.4861692,0.0002432235
2026-07-13,32.06470628,0.87748955,162.08674846,0.7475378,6.78388619,7.83858628,1.44325766,1.41657284,0.81007373,1.29432831,1508.23113005,1.7359954,33.38158608,4.08176429,61.59820744,18129.14125652,26267.90555843,95.64851676,0.0002463233
2026-07-14,32.18768445,0.8778135,162.32190181,0.74859933,6.78327054,7.83900003,1.44405364,1.41325925,0.81363605,1.29394655,1492.18987397,1.72772283,33.50170028,4.07973635,61.66145305,18098.5363802,26252.39032276,95.83496527,0.0002493164
2026-07-15,32.18578388,0.87403956,162.07847301,0.74586441,6.76761262,7.8375911,1.4304414,1.40408448,0.80866638,1.28996958,1489.78533791,1.71822471,33.48653273,4.06964835,61.63795777,18052.24809189,26246.43066026,96.23940108,0.0002476902
2026-07-16,32.16591223,0.87214758,162.11996878,0.7388582,6.767994,7.83818211,1.42915604,1.40494085,0.80595675,1.2886537,1484.02537025,1.71058126,33.60324554,4.07439394,61.66312095,18063.98805975,26260.08660613,96.3482128,0.0002480998
2026-07-17,32.29578453,0.87424311,162.3727528,0.74262165,6.77525584,7.84030942,1.43185315,1.40389711,0.80895644,1.29082097,1480.4255037,1.71306166,33.62087962,4.08042121,61.60182905,17961.94482382,26226.06056868,96.3794926,0.0002506086
2026-07-18,32.41232972,0.87430541,162.40836734,0.74337074,6.77609831,7.8399457,1.4323363,1.40208369,0.80783655,1.29146021,1487.56487273,1.71159433,33.63790989,4.09589497,61.6734274,17936.94610291,26261.73233009,96.64950355,0.0002493424
2026-07-19,32.41968216,0.87428199,162.40900745,0.74334722,6.77861721,7.84012872,1.43236325,1.40212386,0.80780156,1.29148163,1487.63227526,1.71158142,33.61694065,4.09631318,61.59389738,17982.99839681,26287.9247945,96.38893066,0.0002493432
2026-07-20,32.40061288,0.8740398,162.37081235,0.74295123,6.77213585,7.84010771,1.43000213,1.40085621,0.80744645,1.29055873,1481.92397929,1.7074064,33.61473031,4.08770228,61.68914797,17968.61101291,26256.65943922,96.41228983,0.0002484893
2026-07-21,32.28709083,0.87637285,162.50922681,0.74444326,6.76914267,7.84087286,1.42735767,1.40786782,0.81074291,1.29091253,1476.2911188,1.7057208,33.65365582,4.09081663,61.70411572,17938.48466449,26286.14260615,96.44496615,0.0002476666
2026-07-22,32.33706083,0.87667851,163.14296771,0.74716562,6.77051217,7.83984624,1.42816727,1.41052591,0.8127649,1.2918558,1482.54993776,1.71624212,33.79327669,4.09411795,61.74896372,17908.35281615,26320.64539041,96.34434662,0.0002416057
2026-07-23,32.28608451,0.87504908,163.06673296,0.74688088,6.76916805,7.84051521,1.4252197,1.406529,0.81348052,1.28950378,1467.9912499,1.71922588,33.76261238,4.08656955,61.74784126,17892.43394985,26308.86653871,96.52361032,0.0002419837
2026-07-24,32.35455463,0.87880655,163.8274051,0.75116364,6.77611618,7.8416929,1.43339653,1.40783537,0.81727537,1.29220015,1464.35334531,1.73078784,33.81841717,4.09388313,61.83452119,17976.7210927,26318.93832789,96.78548515,0.000247997
2026-07-25,32.35574398,0.87915388,163.85387624,0.75053179,6.77267087,7.84259998,1.43194483,1.40942045,0.81807506,1.29061175,1459.13623444,1.72735438,33.7450412,4.09035249,61.70923414,17939.17298757,26328.24124834,96.49560455,0.0002465526
2026-07-26,32.34127392,0.87926908,163.85400003,0.75052216,6.77370076,7.84236945,1.43192243,1.40944855,0.81811501,1.29076145,1459.12029241,1.72737899,33.74347229,4.0903611,61.75931692,17920.20458962,26309.4964759,96.53517796,0.000246553
2026-07-27,32.39506231,0.87700213,163.60328548,0.74900991,6.76985419,7.84190324,1.42959026,1.40850183,0.81521563,1.29013388,1466.70750028,1.72738966,33.56419247,4.08431407,61.73704679,18002.19525324,26311.1866273,96.19608438,0.0002445719
2026-07-28,32.41049676,0.87883888,163.70254319,0.75189453,6.76777506,7.84184295,1.42965709,1.4116533,0.81852497,1.29165674,1463.79557545,1.73210852,33.63321226,4.08494127,61.65816413,18084.30796655,26346.10856746,95.75062184,0.0002473224
2026-07-29,32.45519668,0.87746902,163.6997256,0.75208176,6.77201,7.84258549,1.43880024,1.40950797,0.81818978,1.29210679,1452.08154925,1.72980013,33.48122562,4.08814735,61.49240989,18091.40796228,26334.15630819,95.68622513,0.0002482373
2026-07-30,32.4272612,0.87299626,163.47434601,0.74897718,6.76101593,7.84345559,1.43711491,1.404883,0.81512674,1.28940373,1444.78892195,1.72145065,33.48130795,4.08595844,61.38599705,18066.54739278,26310.84448145,95.65270413,0.0002453656
2026-07-31,32.4136417,0.86884879,160.83998181,0.7436852,6.74865113,7.84337387,1.42378581,1.40224903,0.80707514,1.28462056,1437.69487804,1.70382115,33.48173889,4.09071522,61.35335261,18069.18953042,26247.76432342,95.48070972,0.0002453665
2026-08-01,32.30078332,0.86736772,157.65410642,0.74188341,6.75416055,7.84188485,1.42199701,1.40208627,0.80780519,1.28208222,1443.03434425,1.70117751,33.44254537,4.08543314,61.24461311,18024.17529787,26251.9096619,95.4199614,0.0002473603
2026-08-02,32.29580809,0.86704595,157.65548836,0.74181799,6.7528031,7.84205442,1.42195224,1.4020522,0.80777799,1.28221681,1441.94092325,1.70112864,33.41910477,4.08639872,61.22028361,18053.21237088,26292.65127209,95.44982132,0.0002473607
2026-08-03,32.34168722,0.86736123,156.54390766,0.74250673,6.75318184,7.84283893,1.42249227,1.403332,0.80908161,1.28157146,1431.58566164,1.69928957,33.3446932,4.09121157,60.99917377,17989.43780946,26288.72734636,95.16413258,0.0002461173
2026-08-04,32.37207223,0.86880343,157.66314866,0.74469037,6.75748987,7.84268,1.42516476,1.4045131,0.81022661,1.28285877,1428.45627642,1.70472196,33.42842033,4.09641631,61.03745102,18035.76886289,26278.7401498,95.40656591,0.000246394
2026-08-05,32.27342141,0.86675437,157.41902346,0.74318937,6.74778734,7.84320235,1.41872982,1.40715806,0.80807565,1.28102722,1423.98147467,1.70174152,33.18226918,4.0905039,60.89124084,17937.34303189,26265.73067362,94.92325944,0.000242136
2026-08-06,32.23605603,0.86558715,157.72361471,0.74263055,6.74726156,7.84335586,1.41772763,1.40086093,0.8064957,1.28057453,1418.63761396,1.69793778,33.07720889,4.08782457,60.61820666,17912.62026182,26256.69113984,95.06799404,0.0002337042
2026-08-07,32.20665022,0.86781114,158.36203733,0.74328627,6.74737063,7.8447268,1.42307969,1.40188196,0.81248317,1.28266352,1419.49273817,1.70475584,33.13944799,4.09209205,61.00458756,17940.9055965,26232.60914685,95.38432102,0.0002350333
2026-08-08,32.22183177,0.8651558,157.8235268,0.74159013,6.7481105,7.84498232,1.4150265,1.39411438,0.80784524,1.27958476,1407.69913784,1.69655034,32.99364882,4.09065828,60.78462324,17796.26072601,26212.43478295,95.12434377,0.0002302947
2026-08-09,32.21148391,0.86502508,157.82344872,0.74120218,6.7476207,7.84356423,1.41506055,1.39466249,0.80792843,1.27959105,1407.76056354,1.69652552,33.04805197,4.0899636,60.83432001,17891.82370494,26267.6843,95.22681577,0.0002302948
2026-08-10,32.23853014,0.86554006,158.27911574,0.74138201,6.74557726,7.84500943,1.41550026,1.39525318,0.80882203,1.27942145,1416.0037789,1.69961729,33.00743798,4.08804926,60.79751202,17817.06433013,26193.34332644,95.1417097,0.0002312685
2026-08-11,32.20669293,0.86613021,159.18589706,0.74018925,6.7450291,7.84584302,1.41684801,1.39335168,0.80990854,1.28004741,1415.46600983,1.69912746,32.99234949,4.093816,60.9819156,17797.24749763,26141.23841806,95.40994843,0.000226003
2026-08-12,32.20857152,0.86682707,159.42310744,0.74055252,6.74608387,7.8467675,1.41710052,1.39300443,0.81170231,1.28081094,1415.79153507,1.70375771,33.15843959,4.09214903,61.37205035,17869.97429075,26139.33669511,95.45059858,0.0002271607
2026-08-13,32.17135614,0.86780426,159.42407996,0.74128702,6.74392448,7.84718712,1.4174551,1.39470323,0.81375171,1.280339,1415.17038732,1.70872108,33.09151238,4.08730226,61.25684354,17884.49984616,26083.15173363,95.37913651,0.0002267958
2026-08-14,31.99225967,0.86688173,159.42852697,0.74118552,6.74402615,7.84688552,1.41683431,1.39259593,0.81390754,1.28021782,1414.65706625,1.70658425,33.23127503,4.0867873,61.38015907,17849.97709094,26097.05019057,95.38605121,0.000231666
2026-08-15,32.01112122,0.86427255,159.32049484,0.73889971,6.74235441,7.84717017,1.41152316,1.38732128,0.81324602,1.27914672,1416.46751987,1.69729819,33.09934495,4.08589966,61.45792218,17833.72391303,26219.35248553,95.59160391,0.0002285397
2026-08-16,32.00094557,0.86438467,159.32046905,0.73900009,6.7423263,7.84720013,1.4120931,1.38740801,0.8134798,1.27910094,1415.30203954,1.69731463,33.15922772,4.08616159,61.43577467,17855.3405908,26142.7828198,95.55083338,0.0002285402
2026-08-17,31.9239326,0.86360253,159.09594895,0.73795873,6.74216332,7.84691393,1.409998,1.3871253,0.81218113,1.27802634,1412.06337161,1.69377525,33.09692005,4.08348587,61.53694775,17794.80234377,26144.75260972,95.5786035,0.0002272711
2026-08-18,31.79847526,0.86372155,159.53433835,0.73828849,6.7431516,7.8440809,1.40720831,1.38722334,0.81128748,1.27790774,1411.19834262,1.69612971,33.06076172,4.04942043,61.61604759,17844.89234646,26202.03331765,95.67394424,0.0002271523
2026-08-19,31.94867945,0.86388443,159.48559873,0.73918192,6.74309192,7.84342781,1.4135699,1.3902849,0.8123996,1.27872121,1407.81593634,1.70458227,33.14158632,4.0660293,61.88369434,17865.2094058,26182.26923957,95.74115112,0.0002298463
2026-08-20,31.83683345,0.85606296,158.35607009,0.73493777,6.725761,7.84206152,1.40681252,1.38025985,0.79868718,1.27153305,1393.60519056,1.68231263,32.83390936,4.04277655,61.61871384,17801.93999955,26122.54542949,95.62136696,0.0002222599
2026-08-21,31.8476481,0.8553864,158.95638875,0.73281431,6.72244605,7.84291544,1.40270525,1.37730892,0.79927885,1.27042227,1381.58800483,1.67633267,32.83722059,4.04447235,61.67956993,17744.3234972,26039.36967638,95.735318,0.0002207754
2026-08-22,31.83482876,0.85644819,158.98651301,0.73285989,6.7217911,7.84012629,1.39460643,1.37670384,0.80106048,1.26953302,1385.95698153,1.67246291,32.64991815,4.03866175,61.75341985,17665.97358799,26056.11918265,95.69995483,0.0002170051
2026-08-23,31.8373157,0.85578227,158.98649435,0.73302784,6.72251362,7.84086869,1.39473512,1.37670039,0.80113446,1.26951281,1386.23439593,1.6724584,32.70547011,4.03887688,61.72645245,17666.50000013,26103.10240619,95.68878374,0.0002170054
2026-08-24,31.80802425,0.85632661,158.91912683,0.73298523,6.7222017,7.83724518,1.39526611,1.37977069,0.8006179,1.26959689,1383.97200585,1.67334251,32.64660713,4.04038708,61.75324826,17690.57706455,26062.35511481,95.70189216,0.0002169228
2026-08-25,31.88182408,0.85726508,159.19886493,0.73336554,6.7216634,7.83645046,1.39785841,1.38505171,0.80273508,1.27017521,1382.88197903,1.67809488,32.70936298,4.04479658,61.73974885,17726.30008784,26145.32933237,95.74506573,0.0002140621
2026-08-26,31.85978092,0.85691278,159.09963684,0.7328643,6.72106248,7.84119092,1.39456225,1.38468451,0.80217436,1.26938924,1382.97097877,1.67553249,32.72042504,4.03545329,61.57974072,17689.03418936,26079.33457108,95.27653497,0.0002154181
2026-08-27,31.72375992,0.85841772,159.3368868,0.73627116,6.72034171,7.83858426,1.39217444,1.38843085,0.80600663,1.27126997,1380.1535105,1.68250783,32.83613647,4.02621947,61.94960089,17758.8859832,26080.43897707,95.55304676,0.0002174836
2026-08-28,31.62775493,0.85866622,159.67761091,0.73583767,6.72116864,7.8398084,1.38910385,1.38468773,0.80338528,1.27092104,1375.02828885,1.68016719,32.95852464,4.02606011,62.26099578,17696.09518994,26053.67124056,95.414345,0.0002173493
2026-08-29,31.64956969,0.86340605,160.10349585,0.73891926,6.72854128,7.83983027,1.3964139,1.39033968,0.80806014,1.27482736,1376.28221904,1.69109928,33.1506655,4.02941444,62.29685915,17755.60113861,26115.13116551,95.50261775,0.0002242776
2026-08-30,31.64767707,0.86317,160.08054834,0.7387823,6.72702233,7.84144226,1.3962938,1.39059421,0.80935245,1.27352999,1375.31145537,1.69110701,33.02015288,4.02725863,62.27539917,17735.22646903,26079.13878956,95.42146247,0.0002242763
2026-08-31,31.68907914,0.86273381,159.77222315,0.73830249,6.7216463,7.83903855,1.39553639,1.38901935,0.80916621,1.27289099,1374.82940603,1.68931391,33.16188119,4.03145675,62.4526536,17747.90480635,26087.81828106,95.4356999,0.0002262346
2026-09-01,31.64448108,0.86182037,159.84829647,0.73861768,6.7204688,7.83919263,1.39534506,1.38703051,0.80997697,1.27192132,1372.93688041,1.69318579,33.24005535,4.03563711,62.4123964,17730.42601401,26100.49437023,94.9086577,0.0002257634
2026-09-02,31.79884005,0.86363392,160.22985205,0.74063627,6.72238199,7.84120589,1.40076184,1.3916458,0.81289357,1.27353589,1370.36658682,1.71235878,33.33114395,4.04364026,62.66875866,17769.72526569,26094.44869516,94.94693722,0.0002325084
2026-09-03,31.70753179,0.86224632,157.76650923,0.7409966,6.71823671,7.84185492,1.39485603,1.38298056,0.81189622,1.26975923,1358.0647966,1.70612117,33.0051701,4.04323655,62.52216683,17676.54113605,26116.29630689,94.40280642,0.0002257147
2026-09-04,31.71834188,0.86032423,156.37984362,0.73908668,6.71644677,7.84065716,1.3873309,1.37923004,0.80828219,1.26736011,1355.6508182,1.69604006,32.97955935,4.04509885,62.42601318,17636.79889058,26085.13127086,94.4749206,0.0002238111
2026-09-05,31.68625107,0.86104392,156.2340721,0.73980273,6.71296995,7.84081635,1.3880948,1.38343574,0.80967106,1.2686375,1345.50675009,1.70064939,32.91919371,4.0440141,62.71803778,17635.510712,26068.92847001,94.43240678,0.0002257874
2026-09-06,31.65790639,0.86081177,156.24969077,0.73989226,6.71186143,7.84050239,1.38811177,1.38352561,0.80985142,1.26720259,1345.31051639,1.70045546,32.920592,4.04393945,62.64438876,17664.08601162,26077.52252894,94.49916499,0.0002257871
2026-09-07,31.61797035,0.86130025,156.0764757,0.74023185,6.71174795,7.83910206,1.3881675,1.38376385,0.81071577,1.26758361,1345.96652481,1.70315675,32.93373055,4.04940245,62.74696374,17658.37304068,26055.4214285,94.45882278,0.0002271351
2026-09-08,31.47662878,0.86023046,153.32600506,0.73865488,6.71074467,7.84050851,1.38594538,1.38045862,0.80942085,1.26479608,1340.07410822,1.70747362,32.86689759,4.05531303,62.5059474,17607.79649486,26001.35023503,94.66033656,0.0002253185
2026-09-09,31.47932706,0.85975996,153.41444705,0.73819352,6.70776035,7.84226046,1.38427692,1.37748625,0.80890991,1.26456225,1338.2930581,1.70766196,32.87948846,4.06970672,62.46941798,17556.67636858,25973.64800292,94.96286435,0.0002286607
2026-09-10,31.52191223,0.85925219,153.41058253,0.7377086,6.70810888,7.84131086,1.38519011,1.38073771,0.8090918,1.26405551,1337.17586403,1.7094538,32.90451238,4.06199776,62.52458544,17535.30439851,25927.44009544,95.26903971,0.0002267399
2026-09-11,31.6450539,0.86196148,154.38820122,0.74077185,6.71142391,7.84161545,1.39763821,1.38437445,0.81388856,1.26840464,1345.05319634,1.71766086,33.16783346,4.07505755,62.72047498,17623.32530471,25913.02724474,95.72637457,0.000232391
2026-09-12,31.58390019,0.86219426,153.59611227,0.73920731,6.70659909,7.84281097,1.3945317,1.38707734,0.81650508,1.26681208,1340.91967483,1.72005346,33.07411493,4.07029985,62.58087939,17594.69261749,25834.59887126,95.60204077,0.0002299712
2026-09-13,31.64695672,0.86217099,153.56914035,0.7392111,6.70962027,7.84304806,1.39457531,1.38689987,0.81648282,1.26689606,1341.18361244,1.72012661,33.09220025,4.07023239,62.65297532,17569.89321902,25924.89890606,95.57411314,0.0002299716
2026-09-14,31.7167273,0.86447377,154.06565573,0.74046882,6.70807948,7.84300641,1.39863394,1.38738396,0.81833606,1.2690061,1344.33097488,1.72886101,33.16326207,4.0665633,62.84459695,17653.66062576,25949.14807109,95.67385743,0.0002309641
2026-09-15,31.78678562,0.86687572,154.70271746,0.74159633,6.71060458,7.84378864,1.4045465,1.39146472,0.81827343,1.27199767,1353.9022607,1.73770797,33.2480658,4.07556964,62.89396257,17684.56449348,26030.34371364,95.83799477,0.0002323151
2026-09-16,31.75680758,0.86636032,155.36095284,0.7417953,6.71017934,7.84424591,1.40299785,1.39314188,0.81867928,1.27308348,1364.82266969,1.74165495,33.26832474,4.04784521,62.75569712,17708.73863627,25997.77714063,95.89124617,0.0002311636
2026-09-17,31.888915,0.87236059,156.09265182,0.74751621,6.70819341,7.84526821,1.40693422,1.3989842,0.8256446,1.27636115,1380.18404576,1.74635118,33.41728188,4.09742223,62.75978603,17755.0333654,25993.27925144,95.85337504,0.0002328511
2026-09-18,31.78694245,0.8702016,157.01244649,0.74754929,6.70754787,7.84489179,1.40154148,1.39768474,0.82292442,1.27521953,1385.45445669,1.74224019,33.25549119,4.07810146,62.70801778,17740.99369974,25996.99076803,95.73546306,0.00022973322
2026-09-19,31.79798387,0.87065131,156.90483082,0.74662699,6.70164323,7.84502305,1.40340428,1.39830511,0.82304088,1.2759505,1386.41386608,1.74807972,33.32328005,4.08325277,62.93056613,17799.94813485,26001.60850801,96.00031723,0.0002283083
2026-09-20,31.82715832,0.87061339,156.86851236,0.74653039,6.7016,7.84503573,1.40338119,1.39956592,0.82212145,1.27601842,1386.17766018,1.7484717,33.28811649,4.08264823,62.858696,17752.75753234,26016.89856437,95.9546339,0.0002283082
2026-09-21,31.79073647,0.87127422,157.02490082,0.74720776,6.69611473,7.84523627,1.4025459,1.40015507,0.82294307,1.27552529,1383.83382471,1.74618649,33.29744964,4.07728957,62.82023864,17814.8408378,26020.66263435,95.77085562,0.0002291141
2026-09-22,31.69025719,0.87148705,157.52162986,0.74724025,6.696229,7.84439856,1.40410506,1.40265193,0.82037434,1.27549202,1358.38384415,1.74292178,33.25020558,4.07556739,62.6844419,17870.81752339,25970.95010366,95.75573377,0.0002305556
2026-09-23,31.73246859,0.87517518,157.62502616,0.75092476,6.70468406,7.84346462,1.40800767,1.40838926,0.82166146,1.27610485,1352.30794073,1.7531995,33.20153934,4.07529454,62.62504387,17799.60242335,25956.38049944,95.63099439,0.0002300682
2026-09-24,31.82572088,0.87898378,157.98826626,0.75559018,6.71434655,7.84262921,1.42280818,1.41078911,0.82459853,1.28013524,1371.19465484,1.76226486,33.4269502,4.08242949,62.76425688,17895.70285508,26012.33283946,95.84626787,0.000233417
2026-09-25,31.78234466,0.8795343,158.37187733,0.75691655,6.71297048,7.8435497,1.42591765,1.41485877,0.82925404,1.27938206,1361.27241185,1.76937575,33.45110053,4.07794493,62.58201187,17939.3410253,25980.50426641,95.93245972,0.0002341973
2026-09-26,31.72515124,0.87786534,157.2951858,0.75492862,6.71282144,7.84414353,1.42335781,1.4141871,0.82853525,1.27763145,1354.9163802,1.76529775,33.40295237,4.07455768,62.42030803,17909.09030577,25966.24511827,95.7159493,0.0002333099
2026-09-27,31.72779363,0.87780652,157.29499765,0.75478045,6.71520645,7.84395135,1.4233817,1.41427644,0.82837915,1.27762556,1354.98287223,1.76533014,33.42656702,4.07460985,62.45627882,17896.54308925,25974.33893057,95.7700456,0.00023331
2026-09-28,31.77158212,0.87803741,157.73697318,0.75495717,6.71348008,7.84377629,1.42287437,1.41491768,0.82937207,1.27780195,1358.07022497,1.76257934,33.56970359,4.0819958,62.4539817,17951.68435604,25933.2494923,95.94239986,0.0002381893
2026-09-29,31.85255853,0.88022588,157.47729333,0.75538854,6.70778353,7.84480304,1.42474718,1.41883839,0.83337046,1.2786578,1358.18865245,1.76734151,33.63302507,4.08323512,62.51753917,18016.34310713,25947.76804973,96.08534228,0.0002421835
2026-09-30,31.88840576,0.88243363,157.136531,0.75598562,6.70523387,7.84618713,1.43419687,1.41978985,0.83461957,1.27809522,1355.17296742,1.7728642,33.57665894,4.08083807,62.61116746,17868.47809416,25934.41429442,95.96541915,0.0002391493
2026-10-01,31.94126129,0.88365216,158.3222044,0.7549139,6.70539407,7.84649859,1.43989667,1.42483855,0.836752,1.27974103,1357.73830951,1.77960151,33.60738722,4.08666912,62.76840934,17940.12838296,25954.29336157,95.9762912,0.0002390874
2026-10-02,31.93097389,0.88862557,157.84791136,0.75691922,6.70689272,7.84707361,1.44185653,1.42147475,0.82976873,1.279418,1356.55339771,1.7812627,33.58724631,4.08392885,62.62359634,17887.35736171,26024.13559848,96.28644108,0.0002389252
2026-10-03,31.82188553,0.88862607,157.8580357,0.75533999,6.70494897,7.84679044,1.43772198,1.42505585,0.82889501,1.27936025,1343.03863026,1.78094862,33.5326937,4.08483949,62.51162851,17880.36140876,26002.63646348,96.18688524,0.0002416892
2026-10-04,31.82107662,0.8882463,157.8536074,0.75519393,6.70767376,7.84720204,1.4382575,1.4247502,0.82841863,1.27902657,1343.24737511,1.78099148,33.60541129,4.08541544,62.56301963,17924.16324207,25987.04385205,96.1770022,0.0002416896
